follower_count,avg_views,avg_interactions,new_followers_rate,accounts_reached,niche,price
10191,9632,210,4,15574,travel,500.0
3805,3148,59,0,3214,education,500.0
58787,24128,1134,11,68055,business,788.61
1956,1866,38,0,2912,fashion,500.0
28640,35564,624,4,46532,food,590.06
1083,1086,77,0,1232,comedy,500.0
31992,30059,846,20,33059,lifestyle,578.87
185207,103068,4335,108,252690,beauty,4558.83
1000,776,46,0,1451,pets,500.0
2999,1214,74,0,4207,travel,500.0
26687,23510,1542,45,18683,gaming,500.0
2159,2627,67,1,1922,fashion,500.0
8493,7017,192,1,12610,fashion,500.0
7441,3256,127,1,12807,luxury,500.0
9043,11030,214,3,13836,business,500.0
1177,1320,28,0,1234,tech,500.0
15911,13797,482,7,10377,beauty,500.0
12513,8810,244,1,9294,business,500.0
13829,8850,399,4,24670,food,500.0
8448,8260,226,6,13472,tech,500.0
3162,2045,91,1,2579,pets,500.0
9630,5550,249,2,10461,fashion,500.0
6911,8126,275,6,11592,music,500.0
5810,2739,169,4,7098,fitness,500.0
7694,6891,227,6,11054,travel,500.0
59762,34937,1147,9,100353,fashion,1146.47
21584,27042,838,5,25216,pets,500.0
5672,4970,123,1,6021,fashion,500.0
4673,2100,153,2,5713,fitness,500.0
8874,5742,275,3,13619,fashion,500.0
125963,111717,8256,86,87768,comedy,2025.8
70947,90459,1323,18,120203,business,1154.38
1000,745,28,0,1745,fashion,500.0
1000,528,12,0,913,luxury,500.0
2198,1754,52,0,3672,business,500.0
8606,11172,236,3,14295,music,500.0
18362,23839,288,1,31178,tech,500.0
1774,1063,64,1,1912,fitness,500.0
11932,7959,391,10,12057,beauty,500.0
3594,3096,228,2,6442,memes,500.0
2433,2811,87,2,4030,music,500.0
1843,1747,64,1,1537,music,500.0
7598,4685,142,3,12868,lifestyle,500.0
4875,2534,112,1,7455,lifestyle,500.0
28318,13540,1276,34,42601,gaming,610.41
17902,11267,685,12,25505,pets,500.0
155033,196354,4751,71,119583,fashion,2956.86
2164,1701,47,0,1802,business,500.0
2601,2697,89,2,2419,fitness,500.0
4707,2396,122,3,6448,food,500.0
9015,8777,285,2,6580,music,500.0
3929,5056,120,0,3761,food,500.0
4053,1772,126,2,4689,music,500.0
2197,2273,100,1,3793,memes,500.0
60142,67997,3900,110,53655,memes,1285.82
7306,8778,314,2,7064,music,500.0
1249,951,23,0,2224,fashion,500.0
109189,103164,2049,35,107223,business,1549.78
18506,10692,422,12,23673,luxury,500.0
44932,55649,1565,38,51797,beauty,1110.57
10659,10484,443,5,14580,fitness,500.0
3207,1850,84,2,2791,fashion,500.0
129677,113022,3780,79,167608,food,2550.68
12079,11760,238,6,16083,lifestyle,500.0
1676,2051,40,0,1942,beauty,500.0
17710,8750,1028,11,25730,gaming,500.0
12546,7187,523,13,10752,gaming,500.0
2022,1440,45,0,2743,education,500.0
1316,622,35,0,2022,lifestyle,500.0
22873,9781,481,3,24182,travel,500.0
12742,12788,695,4,15185,gaming,500.0
3795,4376,91,2,3459,education,500.0
124631,136216,4211,101,161237,music,2500.7
11953,12936,339,6,18226,food,500.0
1836,2286,31,0,2352,business,500.0
107516,102857,2162,13,167724,lifestyle,2033.33
4207,4864,122,2,6103,beauty,500.0
1000,1023,32,0,1680,fashion,500.0
4345,3878,70,0,2636,education,500.0
39246,36347,1093,19,50047,travel,858.05
185366,84714,4612,96,255800,tech,3402.81
3535,3566,74,0,2537,fashion,500.0
3702,2006,61,0,2365,tech,500.0
21180,19618,652,6,27197,travel,500.0
126902,52204,2797,77,188452,lifestyle,2500.9
32423,41536,1115,32,25726,food,560.35
1000,676,33,0,1585,beauty,500.0
1000,669,49,1,607,comedy,500.0
6840,3736,212,4,12045,food,500.0
3556,3036,68,1,4418,fashion,500.0
4808,2638,139,2,4517,food,500.0
67746,86663,2297,30,57670,music,1304.96
12288,12624,343,4,20250,travel,500.0
6768,4286,263,6,4972,music,500.0
4881,2420,170,2,7538,food,500.0
95345,63803,2369,48,144751,fashion,2149.82
5837,5238,84,0,6221,education,500.0
13616,12245,330,2,10911,food,500.0
20839,22606,594,10,34687,fashion,521.35
2428,1902,61,1,4217,food,500.0
29391,20916,577,4,52816,education,500.0
7629,6102,228,4,5675,food,500.0
11206,12761,202,3,14484,fashion,500.0
6897,3689,178,3,7218,food,500.0
2837,3576,171,2,2715,memes,500.0
13839,16275,338,3,22360,beauty,500.0
1254,1452,28,0,1847,tech,500.0
184645,143673,3873,77,224593,lifestyle,3389.96
71272,74976,2550,70,87127,food,1488.57
27992,26224,393,5,36292,business,521.41
3181,1934,79,1,2821,fashion,500.0
144166,67797,5204,49,88950,pets,2352.15
19640,9083,396,9,25311,lifestyle,500.0
3268,2620,86,1,5083,fashion,500.0
9418,7288,401,9,7285,music,500.0
107018,52231,3167,37,73505,lifestyle,1757.33
10619,4340,183,1,11298,lifestyle,500.0
8563,4482,358,5,10742,pets,500.0
7874,6515,207,2,5991,fashion,500.0
14451,14540,471,14,11432,music,500.0
14083,15616,560,10,19950,music,500.0
1000,1232,34,0,875,pets,500.0
3204,2957,64,0,4033,fashion,500.0
29917,38858,913,18,48786,food,536.34
3079,2610,73,1,4504,travel,500.0
12043,15200,280,5,18002,business,500.0
1000,835,29,0,1189,food,500.0
34725,23981,1045,18,36197,food,620.7
28428,12540,1492,40,29615,comedy,516.74
2210,928,59,0,3457,lifestyle,500.0
9473,10324,204,4,9599,travel,500.0
221537,156251,6454,113,376302,fitness,5138.25
1661,735,34,0,1465,lifestyle,500.0
43616,36987,907,6,58204,beauty,920.36
57654,25210,1201,26,75141,beauty,1153.24
57421,67308,3037,53,70005,gaming,1059.61
3711,4449,120,1,4807,fitness,500.0
40435,18019,1620,10,25926,music,822.82
6005,7509,83,1,8993,luxury,500.0
40913,20076,1286,28,62767,music,710.65
8226,9549,531,12,7329,comedy,500.0
3079,2070,237,6,1849,memes,500.0
88630,49691,2197,26,90836,lifestyle,1566.18
2299,1167,78,1,3975,food,500.0
31469,31930,1627,19,25150,comedy,569.92
31623,18956,1094,18,28821,fitness,615.99
4366,4887,88,1,6867,business,500.0
2582,2623,124,2,4245,pets,500.0
32209,17424,887,5,57923,tech,630.15
23326,25028,379,4,14235,luxury,500.0
5290,2992,161,3,6531,food,500.0
7776,8378,162,2,8085,beauty,500.0
3289,1500,76,0,4993,tech,500.0
1653,1620,24,0,2901,education,500.0
31022,28613,618,18,34546,education,500.0
6641,4492,108,2,10821,tech,500.0
16461,9130,379,9,24588,food,500.0
6745,7472,287,8,10885,music,500.0
11459,7615,228,2,8186,fashion,500.0
5835,5572,123,0,7265,education,500.0
1888,1539,84,1,2918,music,500.0
3760,4709,120,1,6708,beauty,500.0
15929,18973,410,4,16732,tech,500.0
17283,19653,570,16,12807,food,500.0
1000,505,36,0,693,food,500.0
2664,1100,130,0,1723,pets,500.0
4608,5679,109,1,5650,lifestyle,500.0
69659,46052,1201,8,90707,business,1132.49
4526,4101,71,0,5981,luxury,500.0
31584,25828,1036,7,37212,beauty,695.36
80568,53792,2719,65,129661,gaming,1319.13
10986,12821,375,5,13937,food,500.0
14699,12130,487,2,22511,food,500.0
4759,5583,90,0,3808,lifestyle,500.0
2188,1938,47,1,1902,education,500.0
10813,11119,315,5,18662,food,500.0
16732,15823,902,8,16507,gaming,500.0
4627,4291,115,0,3857,business,500.0
16838,21503,475,13,24641,beauty,500.0
2603,3232,63,1,3528,tech,500.0
40975,44392,1786,38,68112,music,1079.36
5712,3754,142,3,9956,fashion,500.0
4466,5572,128,2,6353,travel,500.0
2853,2397,91,1,2022,beauty,500.0
19453,19814,542,13,29178,lifestyle,500.0
16256,19877,247,3,16904,business,500.0
22297,26139,734,9,20790,travel,500.81
50771,20396,1019,23,37632,beauty,880.43
4833,5582,92,1,3438,lifestyle,500.0
21070,11580,526,6,28865,business,500.0
1000,1080,18,0,815,education,500.0
7311,8768,180,2,9013,business,500.0
7638,4194,216,4,6373,food,500.0
63921,48210,3935,40,39836,comedy,1159.89
3507,4404,166,2,5150,pets,500.0
23291,24605,1028,22,18147,music,500.0
5457,5875,124,1,7894,fashion,500.0
29876,33537,884,16,44570,fashion,804.94
4730,3228,289,7,7600,comedy,500.0
43541,34089,1780,14,39028,music,949.99
1534,703,38,0,2617,lifestyle,500.0
168734,206108,5533,95,162968,pets,3177.74
21662,24639,726,9,21684,travel,500.0
14091,7763,356,5,8880,food,500.0
25032,11089,576,6,41321,tech,500.0
4113,5286,101,2,3818,education,500.0
18181,22616,461,6,24077,fashion,500.0
1115,833,21,0,728,education,500.0
14259,10417,316,4,10103,beauty,500.0
1000,926,53,1,1373,gaming,500.0
24673,15585,681,12,16633,pets,500.0
294132,284527,5724,46,245478,education,4136.36
8352,9313,509,7,11961,comedy,500.0
1179,1126,19,0,1455,tech,500.0
8600,8536,249,2,14463,beauty,500.0
80237,85805,1965,43,120397,beauty,2085.03
12103,11713,376,8,21532,lifestyle,500.0
63880,59465,1592,43,95268,fashion,1565.83
4200,2905,175,3,3670,music,500.0
10141,7956,277,1,8398,tech,500.0
3322,2414,157,2,2892,gaming,500.0
121007,122711,3332,86,107207,music,2111.35
3710,4274,107,2,5305,fashion,500.0
2937,3752,107,0,2868,food,500.0
15765,6950,575,6,18201,food,500.0
9269,3753,336,6,7828,music,500.0
16081,15556,214,2,26372,education,500.0
2116,2300,65,1,1304,food,500.0
43727,36602,1307,8,42052,food,736.64
3394,3287,57,1,3818,tech,500.0
41994,23671,765,9,53902,fashion,655.45
55439,47581,1530,40,44530,fashion,1076.0
20474,23746,1711,51,35671,memes,500.0
6890,4029,159,0,10932,lifestyle,500.0
2128,964,62,1,1829,fashion,500.0
1540,723,39,1,936,fashion,500.0
4882,4045,186,5,3564,food,500.0
94829,118127,1946,57,80627,beauty,1949.29
11923,11647,379,4,19201,beauty,500.0
1045,560,27,0,1739,travel,500.0
46415,26541,1314,31,78311,tech,819.24
15238,15981,322,7,23451,tech,500.0
10123,6865,378,6,13339,music,500.0
1665,1363,50,1,2351,lifestyle,500.0
1319,1198,45,0,2363,beauty,500.0
1227,831,37,0,1180,fashion,500.0
1416,964,33,0,2449,fitness,500.0
151255,168455,5851,122,216024,food,2894.14
1527,749,28,0,2506,education,500.0
44928,46133,895,11,66147,fashion,929.48
12385,7807,406,5,17083,travel,500.0
1768,710,74,1,1551,music,500.0
2016,1822,45,1,3539,food,500.0
1000,734,40,1,629,fitness,500.0
1000,1010,19,0,708,fashion,500.0
12716,5928,431,4,9939,music,500.0
41486,31506,865,22,69651,luxury,1013.95
13514,16289,283,4,15807,education,500.0
2624,1379,77,1,3748,food,500.0
152757,186801,4770,110,257044,beauty,3685.92
18760,8580,417,3,22035,food,500.0
1000,692,27,0,883,lifestyle,500.0
18309,12838,693,17,11626,gaming,500.0
5916,5388,161,2,4815,fashion,500.0
1613,1140,46,0,1876,lifestyle,500.0
1601,1361,55,0,2727,food,500.0
3334,2117,59,1,4954,business,500.0
17207,6975,366,4,12013,education,500.0
3927,2968,139,4,6556,beauty,500.0
1000,1241,16,0,1474,business,500.0
10085,11399,184,2,8517,fashion,500.0
7674,5224,306,2,7529,fitness,500.0
5229,2279,129,0,5655,food,500.0
70742,74409,2378,19,109827,beauty,1751.54
3324,3185,52,0,3166,education,500.0
2805,1814,57,1,4975,lifestyle,500.0
8544,9382,312,6,9098,food,500.0
7477,6875,115,2,8173,business,500.0
5680,4724,155,1,7847,food,500.0
106559,126576,1860,45,99421,education,1432.37
86618,79346,2181,40,108930,lifestyle,1726.54
2019,1967,94,2,1460,memes,500.0
84610,41671,1482,30,103844,lifestyle,1317.04
20932,19049,539,11,16806,lifestyle,500.0
36719,47275,945,9,50903,beauty,1048.75
7090,8025,158,2,12253,lifestyle,500.0
8735,4874,305,8,13560,pets,500.0
43354,31799,1590,32,36681,fitness,919.84
3384,1613,48,1,2177,luxury,500.0
5417,4564,79,1,3630,luxury,500.0
147017,117581,10592,175,141306,memes,2287.86
4687,4490,291,7,2839,comedy,500.0
10296,10861,267,4,10980,lifestyle,500.0
137045,115904,2335,34,159621,tech,1940.13
8033,3633,203,5,8268,tech,500.0
10295,12969,233,4,14679,lifestyle,500.0
21513,27891,522,5,25402,beauty,500.0
2183,2772,49,1,2575,travel,500.0
32375,16785,1168,24,53968,fitness,662.53
25358,15212,488,9,43736,luxury,548.83
25237,25118,500,8,23763,beauty,500.0
50238,30973,1500,16,32837,fashion,1048.25
96417,112581,2866,47,170196,food,1990.73
6983,3150,160,4,7672,education,500.0
6074,2665,140,1,8824,fitness,500.0
10335,10113,332,4,16171,food,500.0
1000,603,27,0,706,lifestyle,500.0
6076,7355,210,5,6083,music,500.0
9838,10997,314,8,15284,food,500.0
3604,2508,151,1,4659,pets,500.0
7834,9606,290,8,10517,music,500.0
36312,30779,1925,43,52622,memes,626.13
7361,7942,160,1,4554,fashion,500.0
2346,1903,48,0,2522,travel,500.0
60257,44663,1726,22,56629,fashion,1260.03
4113,4516,92,0,3625,business,500.0
12467,11764,282,2,16789,business,500.0
3548,2358,98,1,4212,travel,500.0
1000,411,19,0,781,fashion,500.0
23042,13899,326,2,25766,business,500.0
9113,11689,266,5,8588,music,500.0
2228,2837,68,0,1655,fitness,500.0
39072,47416,923,21,30743,lifestyle,633.64
136506,175054,1727,32,127031,luxury,2989.9
1142,1012,32,0,1387,lifestyle,500.0
4343,3487,115,1,5876,lifestyle,500.0
30688,18250,532,8,20448,lifestyle,500.0
3629,4459,123,2,4585,music,500.0
47302,47374,2875,16,67198,memes,875.18
3660,1485,71,1,4207,lifestyle,500.0
6231,7139,192,5,9872,beauty,500.0
6144,4033,123,3,6085,lifestyle,500.0
9937,10965,811,22,8771,memes,500.0
6214,6035,148,2,5419,food,500.0
30314,37105,924,19,28948,travel,664.07
5278,6163,88,2,8360,luxury,500.0
31889,13140,839,20,22437,travel,639.25
50949,64001,1864,16,35821,food,1101.69
7284,4865,242,1,6055,food,500.0
442439,414908,7179,187,468400,tech,7561.57
37537,37858,1674,28,43455,music,804.7
3276,1841,159,2,5721,comedy,500.0
6960,5976,143,0,9464,fashion,500.0
46600,47366,1542,42,45505,pets,608.81
1513,836,57,0,1724,food,500.0
1052,777,27,0,1179,lifestyle,500.0
8623,8598,125,1,15371,luxury,500.0
22021,26395,626,6,15697,beauty,500.0
9863,4617,332,2,8025,travel,500.0
26968,20209,1018,26,28252,pets,500.0
9470,4467,213,3,15586,fitness,500.0
7621,6175,211,5,12682,beauty,500.0
8587,6926,410,6,6804,comedy,500.0
39417,51235,701,6,25001,tech,591.86
18070,20580,668,16,14002,food,500.0
2290,1773,45,0,2815,lifestyle,500.0
4983,2497,82,1,7748,business,500.0
3409,3315,152,3,4094,music,500.0
194819,104392,12530,112,189147,comedy,4161.9
4208,5155,187,3,3164,pets,500.0
4750,4021,142,1,4961,pets,500.0
9650,8059,336,4,7986,food,500.0
7086,8915,239,5,9414,pets,500.0
67765,69259,1711,40,42429,food,1343.98
54136,70083,1291,6,95601,fitness,1161.02
5922,3320,199,3,10238,beauty,500.0
4682,3971,201,5,4153,music,500.0
8013,10293,197,2,8428,lifestyle,500.0
3078,2802,119,3,4960,music,500.0
3138,3875,124,3,2444,music,500.0
7498,6927,203,5,13050,lifestyle,500.0
2887,3375,62,0,2941,fashion,500.0
46453,45972,1062,13,45845,education,826.43
4534,2579,133,1,3721,fitness,500.0
1935,2291,63,1,1183,travel,500.0
4515,2230,112,2,6255,travel,500.0
5842,2696,241,3,9904,music,500.0
4029,2437,126,2,4288,beauty,500.0
1000,596,33,0,1681,beauty,500.0
21490,21344,474,4,20290,tech,500.0
4665,3150,171,2,5824,food,500.0
29142,17229,712,8,48299,tech,597.86
2031,1368,32,0,2047,tech,500.0
5689,7317,87,1,8743,tech,500.0
2866,3047,67,0,4848,food,500.0
29872,22424,648,8,50221,beauty,617.4
10373,5549,238,1,15391,fashion,500.0
11523,10699,815,18,7853,memes,500.0
6243,7221,201,5,4630,travel,500.0
24919,30735,978,27,19528,gaming,500.0
18105,11399,391,8,29497,tech,500.0
112585,73621,2835,34,147519,fitness,2035.88
4454,5532,121,0,7701,beauty,500.0
14268,8945,304,3,11720,beauty,500.0
19254,11878,434,9,20624,food,500.0
8174,7250,314,9,14144,food,500.0
1000,663,18,0,1538,luxury,500.0
2005,1099,65,0,2204,pets,500.0
32239,22451,1937,33,28961,comedy,652.91
37516,26819,976,25,48253,fitness,713.44
80098,34391,1658,30,68352,luxury,1661.39
28400,17940,1312,38,41446,gaming,521.86
1990,2028,59,1,2589,fashion,500.0
1000,703,22,0,1525,fashion,500.0
2672,2696,87,2,4542,fitness,500.0
34457,22830,650,14,21785,fashion,567.09
11668,12962,355,8,8963,food,500.0
3444,2751,122,1,3673,food,500.0
3116,1451,86,2,4973,food,500.0
6279,7603,220,4,5980,food,500.0
2831,2534,68,0,2046,fashion,500.0
3372,1450,76,1,5468,food,500.0
1375,559,44,0,1670,fitness,500.0
16459,12059,433,9,23385,food,500.0
2639,1255,92,1,3326,pets,500.0
63263,58581,2924,74,55936,pets,1023.31
3896,4820,121,1,3404,fashion,500.0
2409,2249,89,1,3042,food,500.0
14650,12499,308,1,13442,beauty,500.0
1000,582,18,0,1488,education,500.0
4907,5653,112,1,3429,business,500.0
5173,5680,143,0,3349,music,500.0
1489,869,46,0,2661,fashion,500.0
125883,98540,2683,33,160987,tech,2330.62
3971,2405,55,0,5012,education,500.0
25321,21075,738,20,35934,pets,500.0
4758,3306,152,4,3863,beauty,500.0
30881,17543,839,11,49472,travel,638.01
1339,719,35,0,2076,fitness,500.0
2779,2858,94,1,3812,food,500.0
2403,1401,91,0,4281,food,500.0
6111,3803,164,3,9446,lifestyle,500.0
29579,20316,704,20,32624,fashion,626.92
1176,726,34,1,919,travel,500.0
79106,37548,1715,21,100288,travel,1567.64
6030,6299,150,3,9691,fashion,500.0
42678,49409,826,22,33403,fashion,874.19
161666,159500,4945,103,248509,pets,2797.91
6446,3123,178,1,3887,lifestyle,500.0
2072,899,40,0,3117,business,500.0
1109,589,25,0,1662,fashion,500.0
29074,23934,709,12,26513,fitness,580.19
8245,5643,288,3,10059,music,500.0
1000,928,27,0,762,fashion,500.0
50015,50755,966,7,78119,fashion,956.39
1000,482,28,0,947,food,500.0
33645,20049,1374,40,35678,fitness,818.39
10176,6936,265,2,14261,fitness,500.0
8899,9214,152,1,5995,luxury,500.0
26402,26878,1192,23,23437,pets,500.0
13726,5697,305,4,12334,beauty,500.0
54347,34857,2478,23,71561,pets,1099.45
5685,2446,160,4,6465,pets,500.0
11460,4689,230,4,19763,fashion,500.0
3611,1811,104,1,2436,fashion,500.0
14041,14316,334,9,24507,food,500.0
10744,11493,346,8,9513,beauty,500.0
11953,5677,374,3,7969,fashion,500.0
96298,115377,2396,13,163280,music,2150.56
32577,18579,1345,6,22976,fitness,753.48
27917,28801,950,9,19155,food,514.2
11323,12740,667,11,8795,comedy,500.0
3736,2302,276,6,3752,memes,500.0
6856,8116,180,3,9511,tech,500.0
7734,6436,250,6,12779,food,500.0
5555,3209,120,1,5148,business,500.0
1844,807,35,0,2927,fashion,500.0
2471,2655,73,1,2870,fashion,500.0
8776,6253,141,2,9218,tech,500.0
4713,3645,82,0,6615,tech,500.0
7610,8750,216,5,7814,fashion,500.0
7383,5395,204,5,11966,beauty,500.0
3134,2005,105,1,5108,fitness,500.0
209998,158496,4776,35,195601,education,3304.69
3252,2787,79,1,2485,fashion,500.0
4580,5852,154,4,7061,beauty,500.0
18841,24351,425,10,11636,fitness,500.0
1252,1514,38,1,1168,lifestyle,500.0
1557,1210,42,0,1370,fitness,500.0
3144,3972,101,0,4293,pets,500.0
7375,5224,199,5,12741,fashion,500.0
3869,2946,91,2,4420,food,500.0
39174,32443,1441,37,51547,music,642.88
1558,1513,66,1,1167,comedy,500.0
16032,7878,447,2,20423,music,500.0
3948,2925,110,2,3605,fashion,500.0
93729,101149,1919,17,116835,fashion,2130.96
3708,3780,118,2,5424,fashion,500.0
30891,14618,869,7,19212,beauty,596.46
15067,13559,283,5,15302,luxury,500.0
71625,36739,4581,51,50742,comedy,1256.61
44031,45757,2215,52,66687,gaming,948.18
35354,26978,1932,18,58519,gaming,678.29
11135,10452,290,1,14956,tech,500.0
6152,3657,85,2,10862,education,500.0
18632,11654,534,8,28263,beauty,500.0
1433,874,55,1,1184,music,500.0
3383,3721,67,1,3762,luxury,500.0
3957,4170,161,1,6116,fitness,500.0
9435,8308,178,4,12925,travel,500.0
6324,4254,197,2,4889,food,500.0
1000,1258,19,0,704,lifestyle,500.0
3265,3139,118,2,4840,gaming,500.0
10121,11706,288,5,10003,pets,500.0
1000,640,21,0,1470,beauty,500.0
4773,2731,82,1,8576,luxury,500.0
6355,6965,164,4,10733,travel,500.0
109992,69664,3342,17,109322,music,2016.94
9683,9924,178,4,15540,business,500.0
91507,112527,2875,70,61975,music,2054.57
33461,14191,1015,21,49498,food,526.91
36093,40910,708,20,57431,beauty,634.52
2735,2221,125,1,2851,gaming,500.0
27368,12155,798,11,41203,fitness,627.08
4287,3868,155,1,7679,music,500.0
22864,12321,510,12,18103,beauty,500.0
12035,9456,383,7,10121,fashion,500.0
94824,43112,3226,17,111732,food,1612.22
8650,10490,266,1,9634,travel,500.0
3532,2760,143,0,6286,fitness,500.0
1000,587,25,0,1119,tech,500.0
13917,7732,369,9,22707,fashion,500.0
1801,1378,52,0,3151,lifestyle,500.0
7235,5248,195,5,4709,travel,500.0
11732,5085,389,6,18086,beauty,500.0
18380,9431,441,4,32296,food,500.0
65519,76084,1335,12,62187,education,1010.89
34592,32029,973,19,31051,beauty,750.53
34753,39761,780,10,49602,fashion,907.29
2165,1215,85,1,2099,music,500.0
26506,14815,712,16,19846,tech,500.0
125692,96908,2807,42,225372,lifestyle,2361.32
19562,10086,411,2,19118,lifestyle,500.0
20677,11286,654,9,32488,travel,500.0
1654,790,77,1,1618,memes,500.0
1000,558,53,0,1103,gaming,500.0
16170,15082,413,8,13323,business,500.0
2826,1561,93,2,3414,fitness,500.0
9934,5687,291,1,7081,pets,500.0
5371,4970,136,0,9084,lifestyle,500.0
1000,1132,15,0,652,education,500.0
2471,1061,57,1,2297,business,500.0
7637,9179,148,4,8003,fashion,500.0
13328,12092,471,6,23053,music,500.0
4089,2889,89,1,5289,business,500.0
22751,12240,593,11,26782,beauty,500.0
2775,3076,59,1,1956,fashion,500.0
4441,4290,126,1,4256,fashion,500.0
37057,37917,970,27,50631,travel,686.22
5753,2434,118,2,3903,fashion,500.0
11612,4764,425,10,10749,music,500.0
4909,5856,112,2,8618,business,500.0
11832,5133,362,2,7443,fashion,500.0
1000,586,42,0,659,music,500.0
21470,14290,669,7,37944,fashion,500.0
87717,43667,1828,9,148668,business,1818.28
8406,3545,219,1,14509,lifestyle,500.0
1000,739,54,1,1010,memes,500.0
8519,3873,306,1,11929,music,500.0
3427,3601,65,0,4040,travel,500.0
35498,42140,1038,30,36042,lifestyle,730.87
3401,1377,80,0,4780,lifestyle,500.0
8823,9062,117,1,14069,education,500.0
46762,42841,1328,31,52548,food,828.22
2185,1548,43,0,1314,fashion,500.0
2774,2950,57,0,3192,luxury,500.0
3168,2658,66,0,4548,fashion,500.0
1000,1065,31,0,1695,fashion,500.0
2779,3172,105,1,2067,food,500.0
9658,12377,194,4,16899,lifestyle,500.0
1495,806,36,0,2585,education,500.0
6532,6649,260,4,10380,gaming,500.0
379364,255231,13955,79,236629,food,6562.72
1947,907,109,1,1788,comedy,500.0
72480,84547,2126,60,100404,food,1591.29
6895,4316,263,4,7964,music,500.0
2140,2022,64,0,2140,lifestyle,500.0
39680,34429,812,13,37030,lifestyle,672.52
5017,2856,110,2,7316,fashion,500.0
19535,23765,555,9,20692,fitness,500.0
78322,39750,1833,18,127492,education,1244.86
8023,10380,192,1,13516,tech,500.0
34590,22032,815,7,28183,tech,653.85
12137,10667,323,3,8477,fitness,500.0
4993,3649,198,1,3921,fitness,500.0
2160,1417,46,1,3611,education,500.0
12724,11763,392,8,12962,food,500.0
112701,142629,4001,25,137150,food,2099.85
17185,21416,507,8,28559,fitness,500.0
2216,1103,49,0,2036,fashion,500.0
1764,1205,57,0,2856,beauty,500.0
1364,1615,35,0,2343,lifestyle,500.0
22251,18855,1424,12,34364,comedy,500.0
6272,7145,200,5,8549,pets,500.0
3132,1766,85,1,2669,beauty,500.0
21002,24237,492,6,35616,travel,500.0
34716,27282,866,23,46174,fitness,701.66
59430,29153,2015,36,66568,beauty,1182.04
231341,127048,5605,79,366709,food,4198.54
44340,45735,2243,40,45960,gaming,869.74
19590,11800,388,10,31458,travel,500.0
7778,6689,171,2,10657,beauty,500.0
42099,49329,1336,38,62083,beauty,1103.18
18033,22390,418,4,25290,fashion,500.0
189916,131592,5047,40,293594,fashion,3801.65
11096,9543,203,4,10848,fashion,500.0
3297,1348,60,0,5554,fashion,500.0
9515,9027,208,6,6251,education,500.0
49872,57289,2696,61,49014,gaming,894.86
4184,2193,123,3,4797,travel,500.0
4555,5614,96,1,6659,beauty,500.0
2352,1567,58,1,2740,beauty,500.0
2625,2078,75,1,2526,travel,500.0
1475,1248,25,0,2052,lifestyle,500.0
4513,5380,138,2,6964,music,500.0
2177,1452,81,2,2847,gaming,500.0
1022,860,22,0,929,food,500.0
10681,9198,358,5,8357,pets,500.0
2830,2679,75,0,1913,travel,500.0
36099,27717,1001,17,61958,fitness,796.82
4644,4077,85,0,5537,fashion,500.0
1000,484,28,0,788,fitness,500.0
56876,60024,1320,8,56616,education,813.75
21787,13663,542,13,22260,music,500.0
1883,1598,27,0,2082,education,500.0
3128,3307,67,0,4552,fashion,500.0
32274,21435,2005,21,31160,comedy,627.14
7263,8584,166,0,5535,food,500.0
1770,1667,54,0,2941,lifestyle,500.0
8333,9603,356,2,11521,gaming,500.0
1554,684,57,0,1703,music,500.0
1355,548,33,0,2048,food,500.0
55108,64248,1295,29,78723,business,1220.32
5821,6511,135,2,7298,fitness,500.0
37436,45031,1483,28,56159,music,846.98
9339,7758,310,2,7078,beauty,500.0
1392,787,48,1,2073,music,500.0
32579,42282,771,7,43607,education,712.22
4956,4283,150,2,6568,beauty,500.0
5372,2320,122,3,5812,business,500.0
6458,6678,209,5,5381,fitness,500.0
1858,1169,57,1,3013,fashion,500.0
1538,1923,72,0,1986,pets,500.0
43336,54471,972,15,46415,lifestyle,830.06
14823,6428,396,7,15720,fashion,500.0
21136,12036,447,10,36075,luxury,541.31
68330,64263,1884,31,70713,food,1247.11
1278,1263,23,0,1376,travel,500.0
9680,10585,516,10,10079,gaming,500.0
7455,5786,177,5,11463,fashion,500.0
17206,13130,714,6,23562,gaming,500.0
195674,81530,4717,65,151609,education,3165.34
719833,933623,12476,87,480030,luxury,14033.92
7249,6870,296,7,11545,fitness,500.0
46176,21406,2883,39,53607,comedy,980.52
9097,7154,199,4,11239,food,500.0
24357,28455,461,8,24684,fashion,500.0
14874,15373,630,15,9032,music,500.0
4664,3765,80,1,5615,education,500.0
10247,5179,218,3,8355,food,500.0
8989,8361,239,3,15195,beauty,500.0
1531,1380,51,1,1233,gaming,500.0
14641,10032,382,9,23950,tech,500.0
32662,37270,860,10,50671,fashion,902.84
17274,21796,1071,13,28967,memes,500.0
1044,710,23,0,1188,fashion,500.0
1326,1537,62,1,1863,pets,500.0
2833,3649,80,2,2819,tech,500.0
8024,6129,253,1,7807,gaming,500.0
28127,34593,1053,30,31625,food,587.43
1000,1267,24,0,1418,tech,500.0
17855,8838,458,8,25459,food,500.0
34198,39843,683,5,33493,luxury,745.51
6706,4455,107,1,4508,tech,500.0
35714,30295,860,17,60354,food,736.17
5115,5960,117,1,6198,lifestyle,500.0
31530,15235,643,18,29541,tech,612.86
4999,2749,131,1,5047,travel,500.0
4017,4097,117,2,3764,fashion,500.0
1000,835,31,0,1763,fashion,500.0
48169,58097,1666,37,52790,gaming,911.84
15632,10528,354,7,21501,tech,500.0
39935,29856,1127,23,60287,pets,583.07
7966,5178,186,5,5136,beauty,500.0
16812,17324,328,9,11046,fashion,500.0
38805,32929,661,11,42102,lifestyle,549.0
2234,2604,45,0,2929,fashion,500.0
13619,12952,448,3,10362,food,500.0
32854,32965,1350,28,35630,pets,664.54
19907,8934,671,16,16179,fitness,500.0
15696,8174,543,15,17010,pets,500.0
15108,8946,240,6,9885,tech,500.0
20900,15428,525,3,33643,travel,500.0
1940,2064,54,0,1612,pets,500.0
95706,67054,1858,55,76479,fashion,1610.32
3165,3457,123,1,3274,fitness,500.0
44387,31572,948,5,39007,travel,824.18
2087,2429,41,0,3122,luxury,500.0
15087,16066,260,2,16337,business,500.0
16512,16796,296,7,22197,tech,500.0
108853,136302,4380,52,143864,pets,2428.53
14131,9825,486,12,17533,fitness,500.0
126906,142195,2969,38,91668,education,2486.9
1779,1143,29,0,2279,business,500.0
6288,7888,96,2,8862,tech,500.0
6503,6111,185,4,9801,fashion,500.0
2651,3203,110,0,2496,fitness,500.0
133258,160874,4163,33,115039,music,2883.21
78426,93240,1717,40,128296,food,1625.71
1570,861,89,1,1941,gaming,500.0
6679,3821,450,3,5881,comedy,500.0
2927,2605,89,1,4656,beauty,500.0
1000,1171,21,0,1705,business,500.0
50824,40716,1607,28,90409,fitness,940.17
26169,14596,934,15,44255,fitness,585.94
1000,1207,25,0,1072,music,500.0
110326,78920,2432,34,122286,business,1994.21
48262,57259,2177,49,63111,music,1411.53
50588,31062,1953,16,72204,food,977.79
35974,45287,1661,15,21927,pets,718.39
1630,972,55,0,2914,music,500.0
11313,8556,396,10,7784,music,500.0
3695,4467,102,1,4495,music,500.0
36062,33754,602,4,33158,business,539.14
24590,19549,586,7,19236,food,500.0
3341,3617,77,1,5340,lifestyle,500.0
1712,1310,46,1,1407,beauty,500.0
11537,11763,637,4,9101,gaming,500.0
132428,145703,3972,75,114173,pets,1991.16
33662,26850,1713,22,33117,memes,500.0
26592,14699,1536,43,26373,gaming,500.0
5510,2538,156,1,6370,fitness,500.0
2487,3142,41,1,1980,tech,500.0
49269,55724,1900,38,38896,fitness,1009.98
63670,26746,1753,38,93404,tech,1262.84
11389,8814,404,11,18288,fitness,500.0
2876,3554,102,0,5069,beauty,500.0
7013,8220,160,1,11019,tech,500.0
6658,7078,149,2,8939,food,500.0
196640,90283,5691,81,297199,beauty,3673.0
7496,8515,194,5,7715,fashion,500.0
5691,6918,188,3,4766,food,500.0
16970,8080,524,14,22582,lifestyle,500.0
2857,1211,82,2,4095,lifestyle,500.0
12564,12565,214,2,8959,lifestyle,500.0
9099,4779,482,6,12632,comedy,500.0
1000,460,23,0,800,tech,500.0
5661,2573,191,4,5645,fitness,500.0
2635,1761,66,0,3041,music,500.0
3571,2771,87,0,5850,fitness,500.0
98077,92230,2011,24,61385,business,1624.92
1000,938,28,0,1650,lifestyle,500.0
27453,28374,548,6,39799,beauty,500.0
1228,1075,27,0,968,beauty,500.0
12100,13696,330,8,19337,lifestyle,500.0
2194,2405,50,0,1893,tech,500.0
4299,3352,195,2,4779,comedy,500.0
12793,16159,235,6,17400,travel,500.0
3396,3697,61,0,3345,education,500.0
6087,7457,400,10,7722,memes,500.0
13147,13206,267,5,20674,lifestyle,500.0
69552,46642,1654,14,110284,food,1116.28
713693,531836,20903,588,1111332,fashion,13660.33
49596,60794,1673,49,66435,beauty,1099.97
16000,7438,503,13,25793,beauty,500.0
2969,2918,86,2,4850,beauty,500.0
8427,8943,156,3,12466,education,500.0
11788,11990,299,2,15268,business,500.0
6147,6330,156,2,5473,lifestyle,500.0
15949,15580,514,9,11223,food,500.0
7039,4078,131,2,11014,tech,500.0
3074,2194,91,1,4922,fashion,500.0
1784,2237,41,1,1192,lifestyle,500.0
3350,2763,106,1,3193,travel,500.0
24977,16858,640,15,33057,tech,504.7
9555,7100,525,11,10889,gaming,500.0
9886,12237,215,2,17781,travel,500.0
4706,4858,138,1,6336,lifestyle,500.0
137413,108613,3493,26,90016,fitness,2172.78
88840,96411,3410,79,69723,music,1825.44
1118,961,27,0,1693,tech,500.0
11297,9262,703,5,14821,comedy,500.0
9539,10388,516,11,15714,memes,500.0
30094,19263,662,7,26249,business,583.16
6088,2538,179,2,4511,fitness,500.0
23498,9737,834,14,14608,beauty,500.0
3811,3178,125,2,3529,fitness,500.0
11197,13615,497,8,8039,gaming,500.0
31866,31817,786,12,53561,travel,602.07
4162,2959,142,1,6177,pets,500.0
5573,2376,143,2,5812,fashion,500.0
50835,57227,1619,45,73931,music,1051.09
2766,3574,82,1,4432,fashion,500.0
36796,32702,583,13,51052,tech,630.37
7428,7846,268,1,5343,food,500.0
25363,21593,719,17,43743,fashion,524.45
1000,1293,38,1,1480,food,500.0
6608,6496,186,3,6782,travel,500.0
5499,3340,186,1,3883,music,500.0
3631,2188,117,2,3783,fashion,500.0
2811,2158,59,0,3622,business,500.0
11262,9815,266,7,8301,beauty,500.0
26767,15246,773,11,28785,fitness,526.64
2737,3280,80,0,2621,beauty,500.0
38387,18957,1100,10,56244,lifestyle,616.28
2078,1379,98,1,2076,gaming,500.0
6788,8700,184,5,5099,music,500.0
2248,1267,61,1,3056,lifestyle,500.0
17435,22102,985,12,23966,memes,500.0
2200,2262,47,0,3553,lifestyle,500.0
3009,3245,74,1,1844,travel,500.0
12380,11835,328,5,19849,music,500.0
7353,3295,269,4,11360,music,500.0
98005,52037,3444,51,113031,music,1756.88
2288,2430,44,0,3385,travel,500.0
1382,1529,48,1,1425,fitness,500.0
18613,23275,421,11,27064,lifestyle,500.0
10611,6027,219,3,10562,education,500.0
5605,4785,204,1,4340,food,500.0
15186,14552,362,10,23834,food,500.0
18247,21435,409,4,19921,fitness,500.0
1972,1937,39,1,2746,beauty,500.0
15384,14404,612,8,17569,pets,500.0
4527,3989,141,1,7191,music,500.0
5160,6644,137,2,7549,food,500.0
1577,1145,49,0,1707,food,500.0
3239,1993,60,1,5419,lifestyle,500.0
16125,14453,423,12,21229,travel,500.0
246765,111607,14631,215,395853,memes,4301.88
22173,23733,663,7,29716,beauty,539.9
1551,1545,41,0,1749,tech,500.0
6593,4304,136,0,6605,lifestyle,500.0
29683,24971,1082,6,50782,fitness,589.01
180717,144962,10120,82,295376,gaming,3590.39
2433,2098,108,1,3029,music,500.0
2378,1053,50,0,3223,beauty,500.0
45642,20964,1059,24,32147,lifestyle,622.79
13789,6643,301,3,8766,luxury,500.0
5485,5873,151,3,9369,music,500.0
34501,17328,911,16,56146,food,569.7
17907,17736,595,7,24371,music,500.0
64996,74933,2631,78,59422,music,1508.56
12051,15634,342,9,13809,beauty,500.0
26700,20260,1284,34,47049,comedy,500.0
41545,28399,1586,41,56540,gaming,587.2
24226,27703,1247,12,33156,gaming,525.35
1298,1343,57,0,1395,pets,500.0
63183,31714,1991,21,90918,music,1249.99
82375,34371,2001,13,81484,lifestyle,1164.94
3533,3318,105,2,2767,lifestyle,500.0
71524,43547,1726,37,65187,lifestyle,1132.41
1000,638,20,0,1230,travel,500.0
7826,5937,412,3,11654,gaming,500.0
19741,24617,483,7,27949,fashion,500.0
1000,774,45,1,1745,comedy,500.0
34859,42681,799,7,44258,tech,903.3
7636,3445,387,4,4594,comedy,500.0
12214,7148,306,2,8736,tech,500.0
17460,14125,500,14,11359,fitness,500.0
8747,8646,308,6,6395,pets,500.0
32940,18451,1710,51,20377,gaming,558.13
59401,64314,2007,24,66495,beauty,1342.28
8119,4126,187,2,7851,travel,500.0
19582,10260,525,9,14977,fitness,500.0
22944,27474,558,7,28332,fashion,589.01
3150,3995,130,1,3443,music,500.0
33492,41126,1338,21,33787,gaming,636.07
12449,16019,570,6,17523,gaming,500.0
11026,9117,362,10,10333,food,500.0
3225,1786,104,2,3535,food,500.0
5529,4066,166,4,4375,travel,500.0
1849,1144,41,1,2437,fitness,500.0
6828,8697,152,1,11526,education,500.0
13170,5983,567,6,16885,pets,500.0
53466,49683,878,19,83409,tech,963.54
1158,1280,21,0,1544,business,500.0
2820,2722,59,1,4836,fashion,500.0
78178,73707,1792,38,49570,travel,1314.43
287627,197458,7788,171,315176,beauty,5624.16
365616,409914,8425,164,223171,lifestyle,6188.96
2513,1656,75,0,3110,beauty,500.0
30173,19969,1531,21,41443,gaming,624.3
211984,251088,4701,59,250279,education,3718.79
1000,1186,29,0,1736,lifestyle,500.0
3449,4284,58,1,4944,tech,500.0
39852,27759,1120,32,35637,lifestyle,629.36
12450,7758,296,8,21654,fashion,500.0
3957,3813,122,2,5832,fashion,500.0
4324,3704,159,1,5170,fitness,500.0
22674,22908,889,6,23234,music,500.0
20446,21797,620,15,17976,music,500.0
16681,13162,475,4,19697,food,500.0
2236,1323,67,0,3546,travel,500.0
13714,8647,587,8,12556,music,500.0
60277,59679,1272,17,70508,fashion,1264.15
1855,2025,34,0,3140,business,500.0
22929,18010,418,6,21979,fashion,500.0
139586,124676,3476,96,217982,business,2991.45
59864,38358,1665,19,78486,food,1034.98
22344,28644,376,9,30689,lifestyle,500.0
6024,2505,157,1,9555,beauty,500.0
1000,1091,17,0,1191,business,500.0
23139,29108,405,8,39373,lifestyle,500.0
53613,45468,1617,31,87814,music,1033.81
3185,3692,138,3,5641,gaming,500.0
71372,91659,1481,30,111316,fashion,1660.67
11365,8237,317,5,9955,tech,500.0
6447,8163,182,4,3987,fitness,500.0
59200,33659,1723,48,62217,pets,787.66
2725,3206,50,1,4367,fashion,500.0
34192,31408,1024,30,36274,fashion,640.89
13134,5636,265,1,20225,travel,500.0
3540,4431,124,2,6355,gaming,500.0
51023,36477,1893,48,87207,food,1055.57
2747,2227,79,1,2577,music,500.0
2810,1718,60,1,3848,business,500.0
1000,1293,28,0,1284,pets,500.0
1000,1285,34,0,1695,music,500.0
1000,799,24,0,1157,food,500.0
29152,14059,796,6,19061,beauty,612.6
6587,3964,292,1,4138,gaming,500.0
5208,4962,110,2,4557,tech,500.0
10475,9075,335,5,16967,travel,500.0
1113,1151,30,0,730,beauty,500.0
7677,9732,149,3,12540,tech,500.0
16890,11209,497,5,22413,travel,500.0
4463,2344,175,2,4247,fitness,500.0
1000,709,27,0,683,travel,500.0
1710,1477,101,1,1463,comedy,500.0
9566,5676,286,5,16806,music,500.0
3524,4427,116,3,5739,beauty,500.0
1741,819,47,0,2723,fashion,500.0
16921,6886,348,8,22674,fashion,500.0
4446,4277,180,1,5550,comedy,500.0
2649,3167,72,0,3957,fashion,500.0
3548,2536,164,3,3022,gaming,500.0
5085,4463,137,1,4598,beauty,500.0
6653,3356,194,3,5793,music,500.0
32828,21038,605,6,42018,tech,535.2
112580,115506,3106,76,122295,beauty,2368.16
1860,1378,59,1,2130,beauty,500.0
8737,9381,244,5,7992,lifestyle,500.0
2422,1591,48,0,3556,lifestyle,500.0
8476,7087,151,0,9771,lifestyle,500.0
2068,937,41,0,2204,education,500.0
14145,7084,574,8,19271,fitness,500.0
1288,777,28,0,2137,fashion,500.0
1000,1000,28,0,1041,travel,500.0
18171,23460,427,6,32621,tech,500.0
56871,34157,2005,55,102065,pets,781.64
5517,5620,177,2,7312,gaming,500.0
69695,39560,1513,43,96420,tech,1440.39
21659,11467,954,5,14773,music,500.0
5080,2252,325,2,8062,comedy,500.0
7928,8121,181,0,6965,lifestyle,500.0
43476,43054,1680,32,44491,fitness,763.66
5607,5675,89,2,6041,tech,500.0
760016,758910,13991,97,772378,business,12176.35
1583,1531,42,1,1439,beauty,500.0
41296,36958,1261,27,27265,fitness,868.99
5185,3777,84,1,3800,tech,500.0
46749,44617,1838,42,41719,music,836.35
1491,848,18,0,1828,luxury,500.0
18313,21790,485,12,17098,fitness,500.0
8681,4676,165,1,11858,fashion,500.0
1000,1004,27,0,1097,travel,500.0
63980,61603,1798,19,54312,beauty,1218.9
1900,1025,56,0,1252,fashion,500.0
7690,8515,246,5,7207,pets,500.0
40435,17947,1655,30,38725,music,829.44
1037,1297,23,0,848,business,500.0
39439,21189,1163,24,45819,fashion,719.98
301861,204174,8333,144,429258,lifestyle,5960.28
3372,1364,83,1,3314,lifestyle,500.0
16802,7410,1049,15,13618,comedy,500.0
20930,19779,800,23,29929,fitness,500.0
1605,1863,38,0,2178,fitness,500.0
43563,50908,1042,22,51066,beauty,937.41
5974,6587,173,4,8971,fitness,500.0
6575,4240,231,6,10123,food,500.0
19239,23062,489,4,28359,fashion,501.4
26457,17063,690,20,45263,tech,500.0
1000,710,31,0,955,travel,500.0
4851,5732,201,1,7258,gaming,500.0
5453,5760,179,2,4027,music,500.0
4036,1740,92,1,4423,food,500.0
1000,561,21,0,835,luxury,500.0
5893,6368,184,5,5301,fashion,500.0
37771,36440,1376,38,29078,pets,500.0
119387,113655,2371,20,162978,lifestyle,1806.27
1410,623,45,1,1407,music,500.0
1295,720,38,1,811,fashion,500.0
23964,25117,438,7,33980,education,500.0
1000,1256,27,0,1687,food,500.0
4553,2387,106,3,4999,tech,500.0
2701,2920,54,0,4592,beauty,500.0
29823,30389,565,10,43756,lifestyle,500.0
1000,831,24,0,1361,fashion,500.0
7846,6673,173,2,7357,education,500.0
7516,5759,231,5,12403,travel,500.0
1312,853,56,1,2066,music,500.0
5368,2672,79,1,7064,business,500.0
7564,5880,205,1,6519,lifestyle,500.0
71077,49662,1508,25,80208,business,1202.8
1000,1134,27,0,1774,beauty,500.0
111732,96781,2870,81,176740,food,2007.66
3327,2532,56,0,4188,education,500.0
5103,3954,88,1,4614,tech,500.0
27662,32725,1190,9,29156,pets,511.05
41910,29955,959,27,42595,fashion,908.15
14257,11665,514,11,12160,fitness,500.0
6775,7407,153,1,7006,beauty,500.0
19174,22182,758,5,24826,comedy,500.0
4952,5070,99,0,4027,business,500.0
4834,3190,195,5,4093,gaming,500.0
2994,3275,114,2,3456,fitness,500.0
4405,5227,89,1,7610,fashion,500.0
2151,873,58,0,1801,beauty,500.0
79136,48099,2630,21,133134,beauty,1967.36
25559,18528,452,10,42084,fashion,500.0
9129,4397,188,4,14763,tech,500.0
183393,208068,4517,30,228370,lifestyle,3541.76
9453,6985,175,1,5852,education,500.0
7186,7263,202,5,12724,food,500.0
10989,8556,604,6,13421,gaming,500.0
16978,14463,498,4,21381,travel,500.0
4094,3827,99,1,3967,beauty,500.0
225096,152389,7099,112,315196,food,3705.94
7892,5784,223,4,11969,lifestyle,500.0
1800,779,71,1,1454,gaming,500.0
7815,9471,168,4,11802,education,500.0
57817,68593,1280,12,53086,fashion,1420.22
16331,16323,419,6,14763,fitness,500.0
1000,820,27,0,1454,beauty,500.0
13967,14252,406,6,17420,fitness,500.0
6025,4136,147,3,5018,lifestyle,500.0
3941,2060,97,1,2374,lifestyle,500.0
15828,8364,339,2,24089,food,500.0
1248,611,26,0,969,fashion,500.0
145259,85438,4902,94,182202,beauty,3290.73
1000,1019,39,0,1637,music,500.0
31171,37593,861,14,29073,fashion,619.02
4859,3344,147,1,7796,travel,500.0
3070,2239,46,1,3276,business,500.0
56224,46393,1022,29,44467,fashion,782.27
17265,8212,590,16,11189,fitness,500.0
6158,3592,183,4,11054,beauty,500.0
1412,1804,33,0,2200,fitness,500.0
64821,41004,1711,45,53886,fashion,1133.03
1000,1184,47,0,1199,comedy,500.0
34388,32323,844,11,39011,fashion,595.52
13141,12117,445,8,21032,food,500.0
4126,5052,82,0,5004,education,500.0
7025,7224,174,2,12355,food,500.0
7033,7429,141,1,10232,fashion,500.0
4461,3978,96,1,6574,tech,500.0
17358,21151,599,14,11049,fitness,500.0
4074,4363,87,2,6114,education,500.0
1144,1269,26,0,2031,fashion,500.0
21733,23473,563,16,37253,business,500.0
1393,1329,36,0,1035,food,500.0
383272,272458,12094,119,303564,fashion,7786.26
7070,6121,262,7,10932,music,500.0
48762,45125,1077,28,57514,beauty,955.64
5587,2780,145,1,6700,music,500.0
6239,5371,221,4,4677,music,500.0
36009,19395,937,27,60240,beauty,843.03
8069,5946,265,5,9805,music,500.0
56131,46253,1233,17,74344,tech,1242.62
20840,26606,793,16,34029,fitness,500.0
1719,1530,34,0,1469,beauty,500.0
2424,1041,88,0,2252,food,500.0
6324,6296,147,3,5128,fitness,500.0
14125,13636,459,2,15240,travel,500.0
2767,2634,107,1,3370,fitness,500.0
1000,625,18,0,763,tech,500.0
6620,3055,196,4,3978,beauty,500.0
4636,4651,119,0,7574,food,500.0
12735,14438,430,8,12521,gaming,500.0
17646,18141,687,6,24185,fitness,500.0
39134,48963,1104,10,66672,fashion,988.64
13884,15471,601,14,21135,gaming,500.0
1116,783,38,0,893,beauty,500.0
3626,3946,52,0,4742,business,500.0
3365,4257,68,1,3210,beauty,500.0
1476,1022,31,0,1679,food,500.0
6274,6173,255,4,6352,pets,500.0
2288,2905,69,1,2229,music,500.0
27555,12084,925,24,38720,beauty,571.61
45067,32206,1029,17,68358,beauty,897.1
1124,716,21,0,989,tech,500.0
30808,22902,624,14,18618,travel,556.29
150644,126931,5335,146,92178,music,2257.38
2457,1624,77,1,1696,beauty,500.0
1206,582,27,0,1066,beauty,500.0
8757,6624,280,7,10686,beauty,500.0
5645,4196,125,2,5364,lifestyle,500.0
1252,895,25,0,2070,luxury,500.0
2995,1577,69,1,4452,food,500.0
55146,38941,1266,31,91268,food,966.7
6386,7546,125,1,4838,fashion,500.0
11891,13205,292,6,17394,fashion,500.0
2022,2255,38,0,1983,lifestyle,500.0
3738,3286,161,1,4850,comedy,500.0
49809,41193,951,17,33685,lifestyle,657.04
35138,18882,542,9,42843,education,500.0
29747,20725,697,18,38891,business,500.0
1152,1420,34,0,2054,beauty,500.0
1076,941,37,0,1681,fitness,500.0
151523,140503,4202,62,173503,tech,2527.68
17455,20779,541,12,14969,beauty,500.0
11317,11002,360,6,14855,fashion,500.0
4162,4117,106,2,3400,beauty,500.0
43219,40822,1448,7,41998,fitness,837.29
4299,5461,110,2,3449,tech,500.0
8180,10502,268,7,7845,food,500.0
23847,23829,763,7,16190,travel,500.0
8100,6185,216,4,7782,travel,500.0
17655,16845,315,5,15171,lifestyle,500.0
9111,11029,276,5,6229,food,500.0
2044,1445,37,0,1764,fashion,500.0
1000,917,46,0,1572,pets,500.0
41131,18185,1565,16,56187,fitness,756.45
1097,514,26,0,1078,beauty,500.0
6527,3706,174,1,6952,travel,500.0
3040,3897,164,2,2917,gaming,500.0
51580,51022,1608,44,58451,fashion,1019.24
3299,3902,194,4,2925,comedy,500.0
48152,31191,1132,16,80092,food,802.09
74546,79479,1972,15,47494,travel,1494.26
5918,5450,357,4,8112,comedy,500.0
11111,7743,758,13,16539,memes,500.0
1582,803,50,1,2055,beauty,500.0
3796,1853,83,0,6827,lifestyle,500.0
12732,11515,555,4,21783,pets,500.0
4962,6406,117,0,5603,tech,500.0
76865,45350,1847,9,50974,travel,1529.74
3107,3448,97,2,4830,beauty,500.0
2713,3072,50,0,3966,fashion,500.0
1889,1782,35,1,2204,fashion,500.0
10589,11133,273,6,17203,business,500.0
1646,1173,45,0,1346,music,500.0
2222,1376,41,1,3110,lifestyle,500.0
9394,11282,207,5,14942,lifestyle,500.0
1235,1522,60,0,1472,pets,500.0
47504,45098,1351,28,64439,music,955.94
43529,53845,1357,15,33248,lifestyle,838.18
22979,27636,680,11,28271,music,517.4
1000,735,17,0,734,lifestyle,500.0
3840,3648,173,3,3546,music,500.0
1000,592,25,0,1787,beauty,500.0
8693,8476,251,5,15076,food,500.0
7851,4934,305,4,6696,comedy,500.0
19321,13447,562,8,25375,fashion,500.0
12141,4863,295,3,11793,lifestyle,500.0
3101,4026,58,1,3014,lifestyle,500.0
8149,10042,161,3,9949,fashion,500.0
7023,6751,223,5,9628,beauty,500.0
5221,2143,300,7,5121,comedy,500.0
20997,22418,478,7,27561,beauty,500.0
12297,12053,370,8,12004,fashion,500.0
6620,2768,255,4,7305,comedy,500.0
2927,2247,112,3,4404,music,500.0
4179,1751,67,0,5396,luxury,500.0
2775,3185,59,1,2930,tech,500.0
1000,534,23,0,1309,education,500.0
9996,6474,175,1,6408,luxury,500.0
30140,29851,770,20,35551,lifestyle,500.0
2849,3469,72,1,4572,fitness,500.0
29355,20380,867,12,37061,beauty,729.27
5543,6998,248,5,5851,music,500.0
40243,29734,931,25,46893,beauty,688.42
1871,1612,34,0,3207,tech,500.0
105104,92164,2335,48,67355,travel,1962.51
1000,1132,25,0,1227,tech,500.0
24483,21300,534,15,17679,luxury,510.31
8082,4512,243,5,7377,music,500.0
15630,8568,873,23,11621,gaming,500.0
1000,942,17,0,1610,education,500.0
188462,179494,13696,71,145966,memes,3529.44
9232,6931,233,3,5909,music,500.0
5800,6624,332,7,3760,gaming,500.0
13310,17000,379,2,21942,travel,500.0
81321,72029,1955,38,64519,tech,1326.49
10228,9146,472,4,7316,pets,500.0
2590,1246,36,0,4220,luxury,500.0
14847,8281,387,4,15003,beauty,500.0
3888,2207,105,1,3337,food,500.0
5899,6512,165,3,9455,fashion,500.0
26442,10904,650,6,21012,food,500.0
3906,4289,137,3,5860,pets,500.0
13567,8455,213,4,13578,education,500.0
12074,11900,265,2,16184,business,500.0
132519,107047,4555,86,201595,fitness,3038.07
3775,2695,71,1,3523,tech,500.0
13054,7092,464,4,12772,beauty,500.0
7407,8577,294,7,10714,comedy,500.0
5832,3894,208,2,6359,beauty,500.0
10809,9126,319,3,17394,lifestyle,500.0
254368,140333,7690,106,280783,music,4855.06
2663,2793,53,1,2167,business,500.0
4857,5445,106,2,8175,education,500.0
3543,3765,105,1,5156,music,500.0
1000,1134,20,0,1418,luxury,500.0
20045,20633,530,4,16971,travel,500.0
4292,3866,118,1,5075,tech,500.0
16021,14601,486,14,14744,music,500.0
29607,34384,869,18,23422,beauty,707.12
6733,8557,441,5,10484,comedy,500.0
13338,6197,498,10,15206,fitness,500.0
1298,1591,36,0,2190,music,500.0
1617,2002,58,1,1746,fitness,500.0
46859,34809,1464,43,50018,travel,932.1
14110,7981,401,11,13072,lifestyle,500.0
156705,178107,9784,151,184892,memes,3466.22
4622,1954,128,1,3987,fitness,500.0
111084,93790,2049,50,82236,travel,1447.45
204924,140313,4053,27,268323,lifestyle,2959.88
8383,4381,176,4,9752,tech,500.0
1000,1058,38,1,999,food,500.0
3854,1915,71,1,6023,business,500.0
86595,57826,1916,39,114594,lifestyle,1455.92
24909,28690,602,9,19640,lifestyle,500.0
4390,3001,96,1,7361,lifestyle,500.0
1085,488,34,0,970,beauty,500.0
6154,7531,127,1,9346,lifestyle,500.0
27603,35709,1169,34,26296,pets,500.0
23363,26010,684,12,38102,food,511.78
3883,1845,237,2,6881,comedy,500.0
1598,730,50,0,2739,fashion,500.0
10955,13940,286,8,11428,travel,500.0
27512,13180,749,13,39455,food,540.01
1000,698,27,0,820,tech,500.0
16829,21686,437,6,15236,beauty,500.0
2180,2461,65,1,2311,travel,500.0
11699,8176,380,10,17064,fitness,500.0
4084,4489,163,0,4550,music,500.0
5940,7339,152,3,3663,beauty,500.0
24344,12103,1523,38,17423,memes,500.0
46286,60126,1211,11,82533,beauty,1257.06
2393,1662,57,0,2220,fitness,500.0
3808,2643,76,1,3059,fashion,500.0
13359,16071,242,4,20970,education,500.0
3937,4265,109,1,3268,beauty,500.0
11059,7404,355,3,16918,music,500.0
19787,25501,608,9,13745,lifestyle,500.0
27591,18940,602,14,48721,business,578.75
4262,2019,73,0,4581,lifestyle,500.0
2035,997,42,0,2297,fashion,500.0
2470,2484,52,1,2951,tech,500.0
34683,20352,1559,8,45007,music,661.79
18392,20466,796,8,25714,gaming,500.0
59749,63674,1290,12,77141,luxury,1356.16
1593,1516,36,0,2478,education,500.0
13625,17601,362,6,9952,beauty,500.0
25507,14090,508,6,23496,travel,500.0
26980,14198,529,13,36438,lifestyle,500.0
8593,6406,227,5,10145,food,500.0
16457,16943,729,7,10917,music,500.0
15131,13135,433,11,15707,music,500.0
73795,82200,1149,9,123443,business,1384.36
130121,136815,5143,67,120156,comedy,2062.91
16072,10972,645,7,25613,gaming,500.0
91390,54578,2041,21,121928,beauty,2010.94
1000,837,17,0,650,tech,500.0
12025,15579,339,6,21424,beauty,500.0
154974,90187,2912,66,141531,business,2278.74
1000,1107,20,0,1262,fashion,500.0
40732,20443,1482,18,61613,music,802.54
5846,2342,204,1,7782,beauty,500.0
2420,2002,97,1,3815,fitness,500.0
4715,2888,122,1,3661,tech,500.0
4744,5281,110,2,7010,food,500.0
5289,4158,125,2,8119,tech,500.0
1259,581,49,0,1530,pets,500.0
31431,24602,919,19,49458,fashion,702.02
2826,3345,45,0,2362,tech,500.0
37488,15992,687,15,61906,tech,570.93
5895,5554,180,4,3868,music,500.0
4498,3783,101,2,7093,food,500.0
10808,8570,340,3,9642,fashion,500.0
17027,19408,368,9,16591,food,500.0
1731,1136,43,1,2748,travel,500.0
29314,29579,590,11,25420,education,500.0
4444,5251,85,0,4739,lifestyle,500.0
67007,37227,1348,34,101631,travel,1399.11
1000,644,36,0,1183,beauty,500.0
17942,13588,1241,14,19849,comedy,500.0
19527,8014,454,3,28891,tech,500.0
25867,19767,1161,20,17857,music,500.0
3178,2855,66,1,2246,beauty,500.0
4126,2744,88,2,7013,business,500.0
19576,9038,624,18,25453,fashion,500.0
5632,2480,110,3,9807,lifestyle,500.0
7016,5165,166,4,10388,beauty,500.0
12388,15546,340,4,11212,pets,500.0
1000,509,29,0,1228,music,500.0
7271,4840,191,2,11909,fashion,500.0
1000,865,22,0,869,tech,500.0
97809,65177,2632,76,77798,beauty,2032.88
22164,14458,514,8,15251,business,500.0
1550,714,50,0,2616,fitness,500.0
11958,8837,764,14,8934,memes,500.0
24506,21594,451,4,33371,lifestyle,500.0
13163,16126,361,3,8815,tech,500.0
154436,170934,4105,45,213013,fashion,3190.42
30599,27481,712,10,30435,food,500.0
12575,13002,246,2,21717,fashion,500.0
8239,9680,464,11,5441,memes,500.0
2711,1972,80,2,2315,fitness,500.0
6755,6333,140,2,8972,travel,500.0
14436,9641,521,11,23768,fitness,500.0
6776,3999,147,2,11328,lifestyle,500.0
21595,18234,387,3,21821,tech,500.0
13466,10162,416,4,18013,fashion,500.0
117400,79933,2483,70,162216,food,2395.41
40505,30751,755,3,63455,education,547.02
24534,19693,788,8,18449,beauty,500.0
78110,99309,3083,77,121998,gaming,1541.76
14008,13072,255,3,24385,luxury,500.0
67342,27234,1326,21,105859,beauty,1300.79
38567,32784,2306,23,28942,comedy,557.38
4083,2176,120,0,4795,food,500.0
1064,1321,26,0,1429,business,500.0
55409,70138,1560,10,59732,food,1058.74
6266,7323,158,4,6225,food,500.0
3673,3021,142,3,3643,fitness,500.0
17373,17401,303,8,12915,lifestyle,500.0
1000,845,26,0,884,fashion,500.0
2671,2221,76,1,3116,lifestyle,500.0
89281,38835,1428,24,54645,education,999.79
64078,65953,2351,26,40612,fitness,1364.92
6963,4845,381,2,6852,gaming,500.0
11626,14650,371,3,12073,beauty,500.0
3687,2486,198,3,5871,gaming,500.0
30032,12774,1053,23,52958,fitness,668.13
12478,9483,319,3,18479,lifestyle,500.0
23275,25859,644,12,32645,lifestyle,500.0
23985,15049,558,9,29341,education,500.0
206626,251515,5617,133,274175,food,3863.52
1000,913,26,0,1718,fitness,500.0
4721,3035,129,3,4972,pets,500.0
2750,1479,118,1,2485,music,500.0
131134,167765,5008,146,156387,pets,1983.41
119813,74909,2187,20,72619,fashion,1895.61
18569,15343,296,2,27766,education,500.0
5991,7399,297,2,7899,gaming,500.0
15033,18017,529,14,26847,gaming,500.0
1752,1355,40,0,3096,tech,500.0
8672,5258,441,5,15547,comedy,500.0
38124,33948,1337,38,61529,beauty,908.15
1167,1215,24,0,1579,luxury,500.0
24232,30354,464,11,23147,travel,500.0
2494,2940,44,0,3190,education,500.0
31468,35273,524,9,46921,luxury,771.51
4562,2952,97,1,5861,food,500.0
16132,6758,361,9,28321,fashion,500.0
7616,5210,239,2,8950,beauty,500.0
18261,16042,547,10,17820,lifestyle,500.0
5272,3604,158,1,7615,fashion,500.0
86945,52966,2277,63,71233,fitness,1827.53
10434,9680,356,4,13458,music,500.0
39809,46771,1684,42,59422,pets,972.78
33697,15620,1174,29,25092,beauty,657.79
208608,269779,4352,59,298627,education,4450.08
1505,1477,34,0,1658,beauty,500.0
123777,160360,3379,25,201801,tech,2686.23
1173,1059,27,0,926,beauty,500.0
8803,4264,249,5,8066,fashion,500.0
61334,68224,2612,37,46999,comedy,1234.7
2299,2161,41,0,2115,tech,500.0
3288,3842,65,1,4959,luxury,500.0
116384,111168,3559,50,162959,beauty,2431.31
40133,17686,1135,21,71193,fashion,843.32
46052,49175,1214,22,49559,food,792.53
3045,2552,61,0,3857,beauty,500.0
7782,7909,240,2,7396,fashion,500.0
47723,46950,964,25,67752,fashion,902.4
4836,4718,107,0,4144,beauty,500.0
5417,2643,354,10,3609,memes,500.0
1696,1258,52,0,1536,fitness,500.0
1000,951,29,0,1576,fitness,500.0
3945,2364,103,1,3336,beauty,500.0
103094,54005,4031,58,135578,music,1940.52
44497,32519,1391,15,51581,food,694.31
6073,6023,164,2,7521,fashion,500.0
2609,1572,100,1,3307,gaming,500.0
3625,3326,88,2,4781,lifestyle,500.0
2744,2581,78,0,2670,tech,500.0
29796,28664,1618,15,44726,memes,577.42
108092,111274,3766,76,71748,beauty,2151.99
26802,20556,1385,10,19084,gaming,500.0
29878,31262,797,16,50703,food,581.11
3022,1639,62,1,2030,tech,500.0
46844,28799,1552,33,75813,travel,1035.52
1348,1556,37,0,1714,beauty,500.0
5981,6994,88,2,6249,business,500.0
11525,14303,497,12,9891,music,500.0
1839,830,53,1,2597,music,500.0
4651,1973,111,1,5340,beauty,500.0
19619,19188,550,7,33262,beauty,500.0
23302,14235,530,6,31890,fitness,500.0
6332,3394,181,4,5655,fitness,500.0
1802,1521,42,0,2942,beauty,500.0
10146,7319,766,6,9436,memes,500.0
2489,1416,59,0,3746,lifestyle,500.0
1000,591,24,0,730,tech,500.0
5272,6421,165,3,4967,food,500.0
55986,44495,1704,48,74436,food,1063.68
6522,7455,116,0,5014,business,500.0
10959,12878,339,8,12046,beauty,500.0
2220,2556,47,0,1780,fashion,500.0
9034,6424,252,4,7621,lifestyle,500.0
5859,4472,176,3,4683,lifestyle,500.0
7020,4390,140,4,12344,beauty,500.0
11271,13424,269,4,18812,beauty,500.0
29065,33264,653,17,35411,fashion,651.78
19065,19325,735,18,24856,gaming,500.0
43785,55671,1127,14,58174,business,960.65
4785,5580,167,2,6881,fitness,500.0
179283,123056,5803,51,134602,fitness,3583.0
276449,156957,6691,48,403082,fashion,6525.31
1994,937,58,0,2296,fashion,500.0
6635,2900,152,3,4230,lifestyle,500.0
5713,2399,266,3,8432,pets,500.0
1000,1085,18,0,1634,fashion,500.0
1183,1098,41,0,1448,music,500.0
9517,6596,273,5,11375,food,500.0
3379,4044,83,1,4328,business,500.0
37617,16973,816,17,59125,fashion,712.92
3555,2167,124,2,2169,pets,500.0
2847,2138,98,1,4565,music,500.0
9267,4744,244,4,15376,beauty,500.0
31309,24047,823,24,35616,food,500.0
12362,11851,202,3,8330,tech,500.0
4098,4450,221,5,5513,gaming,500.0
20500,12471,499,11,28789,fashion,500.0
13586,10576,253,1,9673,lifestyle,500.0
8564,5854,210,1,9472,tech,500.0
53604,68115,2817,30,71407,comedy,1053.33
7358,9438,163,1,12267,food,500.0
3955,2876,196,1,4900,gaming,500.0
7672,7765,284,4,13114,food,500.0
3305,2205,170,1,4476,memes,500.0
33910,21812,1789,24,39454,memes,505.91
91395,49028,2902,61,107826,gaming,1296.82
29155,26196,754,3,31526,lifestyle,500.0
5265,6284,143,3,7365,food,500.0
1569,1532,31,0,1239,fashion,500.0
3826,3821,109,0,6075,fashion,500.0
60694,52861,1530,44,79640,business,985.25
2136,1917,53,0,3397,fitness,500.0
74074,94112,1327,11,88060,lifestyle,1176.48
1207,1224,27,0,1933,lifestyle,500.0
2305,2944,110,0,2330,comedy,500.0
38352,33798,1457,14,29007,fitness,672.13
27605,23793,722,13,21764,food,500.0
26550,26177,654,13,19664,beauty,623.01
4050,4483,138,3,4438,beauty,500.0
6361,3491,211,1,5732,food,500.0
42429,46665,971,10,41973,business,843.66
6592,6858,378,6,7952,gaming,500.0
7208,7472,326,7,9537,gaming,500.0
1000,755,31,0,1107,fashion,500.0
6236,7228,193,4,4950,food,500.0
6201,5226,217,5,4986,beauty,500.0
4540,5307,148,1,6687,fitness,500.0
11401,9107,432,4,9403,gaming,500.0
20323,21249,864,6,36293,comedy,500.0
2461,2488,96,1,3102,music,500.0
22273,25370,698,20,23902,beauty,500.0
1000,798,33,0,1445,gaming,500.0
12433,14054,302,8,16470,tech,500.0
13065,9779,383,8,11610,food,500.0
5585,2651,129,3,3612,education,500.0
21746,18098,592,5,35426,lifestyle,500.0
7443,6905,94,1,9531,luxury,500.0
1485,816,32,0,959,lifestyle,500.0
1018,491,27,0,1671,tech,500.0
2483,1040,99,2,2769,gaming,500.0
1000,847,29,0,1382,food,500.0
89155,110293,2356,29,130852,lifestyle,2043.32
1900,960,75,0,1968,gaming,500.0
1336,592,33,0,1571,travel,500.0
34955,34357,681,10,51407,education,500.0
1747,2250,66,1,1336,music,500.0
9657,8331,308,4,13070,fashion,500.0
4632,2610,112,0,3258,food,500.0
7939,4236,176,5,5126,tech,500.0
1000,769,25,0,718,fitness,500.0
67483,58340,1522,31,56451,education,1078.89
2880,2135,103,3,3238,music,500.0
7939,6849,283,5,7559,music,500.0
23297,24913,701,9,41795,travel,500.0
2335,2056,94,1,3955,music,500.0
2159,1396,45,0,2353,beauty,500.0
1844,2252,44,0,2432,fashion,500.0
2958,2661,60,0,4123,luxury,500.0
152257,100637,5491,57,170608,food,2879.74
6312,7971,141,2,7237,beauty,500.0
