follower_count,avg_views,avg_interactions,new_followers_rate,accounts_reached,niche_encoded,price
3329,2887,71,0,3330,5,800.0
10457,7004,722,8,9031,1,800.0
2038,1095,83,0,3212,7,800.0
40392,21696,2161,23,50360,11,810.760401534333
308614,213814,9260,170,405808,9,7502.039812328873
17291,17810,550,9,16954,4,800.0
14629,13409,761,17,22895,1,800.0
9293,6735,354,3,11044,1,800.0
12909,12712,856,16,19798,5,800.0
111460,83459,2132,43,110642,4,2557.6447550880926
77122,53120,4774,41,71759,4,2546.2502343482697
4836,2539,106,1,6155,2,800.0
168472,164949,12851,295,223277,11,5013.756186736207
5352,6117,383,8,4645,9,800.0
36627,18328,2091,27,37261,8,800.0
6234,4460,374,4,5733,9,800.0
4768,3344,369,4,5471,3,800.0
7207,5973,565,7,5259,4,800.0
236931,262826,13905,283,216525,12,6270.871697725819
15399,17534,1048,17,12868,7,800.0
98981,57106,3727,55,153071,5,2302.696208981419
30759,38133,688,8,45818,8,800.0
19433,23438,996,12,16903,2,800.0
68134,69062,4475,48,52853,6,2073.6459563515923
73508,54711,2459,38,83582,10,1568.9909762638579
4575,3478,139,2,6276,11,800.0
50424,49006,1577,25,79720,12,1305.6457861728109
4433,4262,211,2,5068,9,800.0
8379,7339,667,15,7973,4,800.0
54388,69848,2838,37,41759,9,1282.6303732619747
1268,1340,96,0,1538,3,800.0
49631,37622,1697,17,72649,7,976.0776818523109
4752,5847,339,5,5513,0,800.0
18319,9564,1330,20,22367,2,800.0
9134,10577,159,1,9354,4,800.0
66080,77552,2955,44,57816,9,1920.1228667770085
2845,1480,57,1,4456,3,800.0
1648,1407,122,1,1509,3,800.0
266798,222957,14610,205,246243,9,6886.974056785738
9715,5174,174,3,14280,2,800.0
1000,1019,45,1,743,4,800.0
3570,3221,198,3,5250,3,800.0
6891,7178,462,4,8379,7,800.0
62481,76494,4840,44,54746,4,1838.5407552290103
10145,8200,584,8,13324,4,800.0
4923,4938,296,6,7333,3,800.0
12599,10458,1000,21,13037,5,800.0
36421,39769,2155,31,33303,4,963.6406151364872
2354,1197,94,0,3565,5,800.0
266827,151191,12553,228,208801,5,6868.480997430591
34576,40439,2064,45,51178,2,800.0
11199,11926,766,7,8659,8,800.0
20403,22498,1613,15,21191,12,800.0
5530,4226,172,2,6033,7,800.0
16019,16737,1015,15,14637,8,800.0
14983,19037,442,10,10651,4,800.0
83411,56172,2152,53,80495,0,2227.036836763101
8463,6133,151,3,13163,12,800.0
53615,38214,1603,19,54918,3,998.316555740704
2740,3153,96,1,3606,8,800.0
690504,829522,14071,151,826139,0,18955.812134913027
168326,185101,6646,146,177363,4,4138.481494615055
10656,10062,850,20,14834,9,800.0
37392,47235,874,10,46573,8,909.8913129767948
75555,88028,3472,75,73817,0,2785.1261024697487
4452,2703,183,3,3231,7,800.0
125604,135792,2627,41,149808,7,2654.01521812562
1984,2499,140,3,1651,3,800.0
11017,7351,414,5,13459,9,800.0
7893,7993,189,2,6817,7,800.0
3682,4261,108,1,3720,3,800.0
12127,8065,545,9,12464,9,800.0
12230,15124,877,11,9233,1,800.0
139141,138390,6469,102,143596,1,3578.195591594854
16012,14822,772,12,12752,12,800.0
3676,2374,231,5,4439,8,800.0
4619,5225,273,2,5305,8,800.0
3119,2967,165,2,3246,1,800.0
13969,8121,424,5,11700,8,800.0
7965,4493,583,8,9335,1,800.0
11072,14172,169,3,12640,11,800.0
56419,62940,1873,25,48990,3,1194.41403624887
5614,3199,364,8,6486,3,800.0
6339,3851,233,5,4798,6,800.0
129888,127924,5943,58,183773,7,2932.580283546809
102759,128517,6423,58,88692,9,3537.2723493793874
7362,8389,469,5,10620,8,800.0
473656,385535,34111,527,679667,8,11348.608225889933
18793,22921,565,9,19648,4,800.0
33173,35974,1215,13,43932,6,800.0
11892,8911,295,6,10983,10,800.0
28750,31731,1354,23,22787,3,800.0
8468,5787,209,4,11432,1,800.0
345926,401771,18658,257,540740,7,7017.701395945489
15536,14055,825,6,19424,3,800.0
20935,10853,1389,29,26927,11,800.0
6226,3733,432,9,9518,3,800.0
5562,6092,220,4,4922,9,800.0
18796,14615,705,11,25633,6,800.0
6648,6396,206,1,5643,5,800.0
37394,47447,993,14,31178,4,858.2041079796458
37851,30956,1330,28,41034,4,851.0280146707261
2573,1891,136,2,3454,1,800.0
26168,15239,1694,15,26192,6,800.0
8526,5328,141,2,11462,4,800.0
17347,15688,481,6,21432,1,800.0
109466,129668,6781,100,158418,1,3667.747341736499
13342,6809,977,11,10366,12,800.0
2130,2129,158,3,2134,0,800.0
33247,27512,1847,28,39791,11,800.0
118216,107572,5498,109,161662,4,2965.167296158305
7904,10176,547,5,9272,6,800.0
2200,1975,90,0,2966,4,800.0
12600,8827,788,12,15999,6,800.0
44663,48701,1152,21,34592,0,992.8118701283987
25950,31981,1126,20,35016,1,823.817480533598
1990,2334,50,1,2908,11,800.0
54900,59432,1091,21,62912,8,962.4385504032887
12085,6093,941,12,9580,2,800.0
86926,56337,3823,87,103242,8,2052.011927312964
107338,109198,7912,70,142100,8,2888.7626961635106
11699,11051,935,12,13171,12,800.0
52197,62095,2391,32,76212,10,1320.4428411403417
3747,2234,112,2,2882,1,800.0
79921,87136,4636,70,93359,10,1787.7488512123905
1730,894,123,2,2572,5,800.0
921633,814562,16076,202,1126863,10,14323.0083616804
4690,5092,229,3,3297,12,800.0
19654,16552,1556,30,20556,9,800.0
93493,120219,4979,90,139844,7,2472.620393173274
53936,53191,3086,36,62642,10,912.849647104721
4781,5550,369,6,6792,4,800.0
13428,14859,547,5,17811,7,800.0
57703,30460,3670,83,86867,1,1548.4691513691719
7010,8339,540,10,10014,5,800.0
1979,997,62,0,2624,1,800.0
113011,117804,4250,53,136648,5,3005.9277253049604
61397,38576,1548,18,61434,4,1721.6311068848584
3855,4616,278,6,2799,9,800.0
13036,15048,331,5,18888,12,800.0
9441,7565,212,4,6685,4,800.0
8409,10682,421,7,8473,12,800.0
9324,5903,713,14,12996,0,800.0
11235,13450,201,4,17707,1,800.0
28351,17780,427,10,31800,3,800.0
57180,38688,3435,67,44265,10,1376.993077582105
13631,11151,770,19,12905,9,800.0
55858,66722,1565,27,75041,10,1131.6632996740925
5795,6471,379,7,8462,10,800.0
5511,7021,409,6,4777,9,800.0
2589,2312,72,1,1961,8,800.0
91520,79776,2262,33,120111,10,1940.559012999169
71725,49751,1565,16,113899,5,1656.1106359301982
83148,104183,5440,92,63622,3,2662.5706185446115
5558,5302,131,2,7339,12,800.0
19150,11478,1471,26,28851,4,800.0
145166,149325,6748,122,173865,7,3200.6132646808514
12676,10785,325,5,17142,8,800.0
2330,2790,147,1,2540,11,800.0
18835,24430,562,10,29708,5,800.0
128506,107995,8131,116,129963,3,3708.772444129919
7416,7196,359,5,5387,4,800.0
13092,16101,700,13,11646,5,800.0
132386,129934,5473,78,168035,1,3113.4643165676766
7436,6367,532,7,8650,6,800.0
4497,3684,158,1,6620,7,800.0
2630,2245,190,2,2624,7,800.0
5207,5174,162,1,6957,9,800.0
15957,16983,1050,23,17580,9,800.0
21547,11757,701,16,25383,11,800.0
14561,14091,316,4,19211,9,800.0
56584,67580,3199,53,62766,8,1399.275899699151
31041,20197,793,8,42145,12,800.0
93994,118027,6530,107,123594,4,3446.589502471088
129815,150776,9886,176,168795,5,4123.1983454504325
20944,24989,747,15,33384,6,800.0
10320,10671,374,7,14727,6,800.0
4323,3188,170,2,5551,7,800.0
110457,88211,3362,31,99913,4,2752.036490641244
13228,15750,524,8,15439,8,800.0
2666,2349,82,1,2812,9,800.0
18924,9576,524,12,24274,9,800.0
52458,52137,1354,26,61416,0,1521.444524666247
12612,12464,444,5,16957,1,800.0
12582,8148,842,18,12151,3,800.0
30398,28579,2048,38,22466,6,942.0259673621783
49081,31402,2799,65,50293,8,1174.6223063975747
11169,8039,734,11,16087,7,800.0
4153,2858,103,1,6156,0,800.0
45076,44430,2557,30,53731,9,1008.75040036465
10420,10843,560,8,11445,5,800.0
8089,4718,188,3,10935,1,800.0
5088,5056,189,4,5587,7,800.0
3598,3505,117,1,4721,9,800.0
7224,7834,370,3,8081,6,800.0
41354,34223,1078,23,44679,8,800.0
7974,10201,181,3,5725,10,800.0
11013,7771,231,5,15518,9,800.0
6421,3660,246,4,9909,10,800.0
5847,7008,445,9,4944,12,800.0
8274,9547,186,4,8626,4,800.0
10636,8062,725,7,7664,11,800.0
65268,80815,4636,84,74298,10,1882.6363815671004
14293,16582,1099,11,18576,5,800.0
7432,6287,578,9,7288,2,800.0
7669,3943,115,1,9527,6,800.0
5166,5143,330,5,4998,7,800.0
5007,2908,173,1,6623,2,800.0
20455,24104,1178,25,27652,11,800.0
113403,131777,4753,100,154256,7,2077.1429599958574
5923,3611,381,4,6999,9,800.0
8005,4416,223,3,5910,9,800.0
37017,25718,2635,57,47623,11,1097.3201791420618
43444,54924,3170,42,61178,3,1297.3459482181242
13937,15678,438,7,20105,3,800.0
5484,3034,301,3,6397,4,800.0
6746,6929,428,4,9592,8,800.0
8708,6419,330,6,8836,1,800.0
20922,11836,342,4,32870,3,800.0
99038,69755,1552,14,92565,0,2638.2176882748345
6330,8127,215,3,7859,11,800.0
96844,57006,1727,16,119958,7,1518.6643258609438
3322,1983,101,2,2915,11,800.0
6031,4262,435,8,7174,12,800.0
24209,26691,866,14,22814,7,800.0
9772,11279,607,10,8718,9,800.0
70864,74485,3665,68,105303,6,1760.9770494092372
64948,74651,3330,76,88819,3,1408.7340554942011
10626,11544,542,6,13329,8,800.0
106065,124305,7437,60,153731,6,3521.4387923580753
93336,121063,6718,104,96274,6,3067.8615980386944
83508,41879,4851,41,71861,9,1693.712989068278
2551,2586,118,2,1934,12,800.0
2145,2453,126,2,2022,1,800.0
7071,7996,431,6,8241,3,800.0
5638,4494,171,3,4263,12,800.0
82370,48982,5441,121,88046,11,2226.6806716432197
3410,2693,92,0,3413,9,800.0
15880,18773,296,4,14339,9,800.0
9285,8229,415,3,7614,9,800.0
30607,20818,573,8,25043,6,800.0
5621,3067,109,1,5362,9,800.0
113494,81092,7934,178,95419,3,2243.685092804762
34124,28284,1692,39,34554,9,800.0
674309,762084,46400,761,850966,3,22319.51346018814
8755,8337,244,5,9784,12,800.0
4502,4214,267,3,7124,12,800.0
4237,3960,258,4,3277,12,800.0
5660,5299,324,5,4279,5,800.0
40457,26745,2674,28,37736,5,1108.6564879429925
75068,52877,1914,33,116503,6,1703.5570417092729
6621,5767,127,2,10052,0,800.0
18596,15859,391,4,16290,0,800.0
12140,12233,637,9,17216,8,800.0
11941,11830,307,7,12260,2,800.0
4117,2665,115,2,6194,2,800.0
4497,4066,302,4,7062,8,800.0
69048,88645,5510,56,89107,11,2419.3973336819163
5328,6321,144,2,7657,5,800.0
2963,3026,218,2,2911,7,800.0
43480,30083,936,13,35991,3,808.6481676717076
48469,55494,3052,37,70733,6,1188.7371647996622
31376,36698,933,17,29849,11,866.1537402036753
12125,6727,465,6,16815,6,800.0
72951,69183,4274,66,58352,6,1615.370366182065
100971,115297,4223,35,114214,5,2834.19330032808
12490,15865,201,2,16911,2,800.0
16445,17480,367,3,19514,11,800.0
1793,1221,35,0,2433,7,800.0
48660,59065,2606,24,42178,10,974.4941488737979
62883,42520,1974,40,71657,9,1362.458111346963
20527,24697,1414,23,24931,5,800.0
26350,16649,978,23,22490,8,800.0
46797,27300,2260,36,48952,12,1206.4088679107888
61729,74888,2558,22,43372,12,1796.8270659118214
196130,150054,15327,173,222379,3,4946.425172985273
8655,4670,610,13,12549,6,800.0
2524,2297,131,3,2433,9,800.0
3987,3826,287,5,2897,5,800.0
10045,8412,408,9,10747,10,800.0
42695,22732,2942,36,63378,10,1032.3450311787421
66353,55415,1517,13,91305,9,1184.2646627901509
9273,11224,528,8,11487,8,800.0
11539,12452,828,19,9329,12,800.0
2084,1707,42,0,3165,4,800.0
4834,5687,277,4,6396,1,800.0
18042,14566,535,9,19938,2,800.0
4738,3775,250,4,5879,7,800.0
6616,7340,118,1,10267,11,800.0
3066,1708,113,1,3276,5,800.0
225026,153645,17592,299,355475,10,4360.076375701019
5598,4653,420,5,5910,6,800.0
8407,6315,648,11,12606,9,800.0
57780,73761,982,24,80671,11,1333.645472809445
5361,3977,233,2,5003,12,800.0
4716,5492,142,1,5613,2,800.0
41550,50036,3307,58,52397,10,1136.0113474701234
12731,15048,313,7,17056,9,800.0
2098,2300,36,0,2505,2,800.0
20205,12507,1542,38,22557,3,800.0
21728,18533,1120,26,27055,4,800.0
33192,38569,1377,24,46072,7,893.6506997303082
20591,24848,392,6,22721,1,800.0
51890,55946,3097,31,68664,6,1073.8407337254587
4908,5569,242,2,7811,1,800.0
16153,12493,288,2,20508,12,800.0
67941,38786,3728,34,77375,5,1648.7944811994537
9101,8548,317,5,11548,6,800.0
4569,4869,304,2,3404,0,800.0
10603,8705,754,7,10213,2,800.0
20337,26096,1151,16,25281,4,800.0
10136,12097,626,13,11236,4,800.0
20021,18859,1346,14,23387,9,800.0
6810,8210,172,3,9815,12,800.0
14263,7846,869,7,20758,6,800.0
114826,69348,7892,179,138765,7,2728.6695653480806
143238,81850,11124,182,188833,1,3734.6622723867476
26046,18320,626,6,38755,3,800.0
11138,12535,243,2,14253,8,800.0
66864,39368,3071,64,84982,8,1157.0744333782338
13156,13496,378,8,14801,0,800.0
152822,190209,6213,127,124267,0,5645.921726815245
6156,4493,448,4,6346,4,800.0
39017,40984,838,19,35805,2,800.0
656986,572416,10278,172,1029595,11,14248.773051443182
6500,4392,210,4,5319,2,800.0
2392,1229,77,1,2305,9,800.0
2743,2029,41,1,3516,2,800.0
9308,6196,315,7,7791,8,800.0
71023,62432,4515,109,53413,10,1896.0580637058717
610634,405451,39996,741,826227,2,15597.657820973305
62077,71320,1524,22,78984,5,1763.9371070187728
13504,12572,838,16,10189,1,800.0
50729,30813,2237,38,79245,8,982.6186024833357
5303,5879,399,4,6322,6,800.0
9698,6471,426,9,7224,6,800.0
61918,76500,2775,32,53155,7,1135.2463015832975
10566,12957,702,17,16370,2,800.0
56419,57123,1753,18,73341,11,1289.451174847554
25076,28274,1737,30,26061,8,815.2884198150613
5475,3155,341,2,5944,12,800.0
83118,107394,2077,34,129611,8,1902.226580427441
4514,3861,84,1,4279,5,800.0
9833,10081,376,4,9010,9,800.0
2389,3022,71,1,1990,8,800.0
8317,7002,429,9,8264,7,800.0
25240,22666,1160,20,22317,12,800.0
5282,5328,90,1,5429,12,800.0
4806,5770,119,1,5695,11,800.0
21390,10695,1385,23,22992,9,800.0
27971,15146,2024,26,24390,5,898.570693851706
27998,20784,1189,23,27795,10,800.0
15164,10256,627,10,21020,6,800.0
6626,7072,333,7,5636,12,800.0
94401,57013,5294,112,113666,11,2485.2498012689302
2434,2828,184,3,3231,4,800.0
95429,51676,1622,18,79010,4,2212.6904546787982
11353,12279,687,16,13690,4,800.0
11653,6061,465,3,16956,11,800.0
41179,37096,2113,36,54997,11,1016.9541129525485
7012,7993,186,2,8396,1,800.0
15308,11530,851,14,21963,11,800.0
8280,4483,486,6,9886,11,800.0
8791,7423,666,12,13100,4,800.0
6656,3629,243,5,6899,6,800.0
38950,42874,1643,20,30818,12,991.0708700330997
2799,3591,141,1,3358,6,800.0
8621,6133,352,5,7627,4,800.0
9564,6098,513,4,14661,7,800.0
62852,44871,3592,87,44851,5,1426.0491474543937
19880,9972,620,6,17030,11,800.0
114490,75804,8288,165,140688,5,3608.5090748343277
8391,10503,421,8,7538,4,800.0
50056,25361,1082,10,54572,6,1134.9782978109956
44102,57200,1918,33,39967,8,1170.2832637548065
19445,23372,543,4,26539,12,800.0
3893,3269,148,2,3479,1,800.0
4165,4765,289,6,6000,12,800.0
25175,18458,1993,30,35085,1,800.0
96465,117328,3757,80,125386,2,1886.8463177370663
39179,24115,1950,29,55069,11,952.08021063057
199499,179969,6896,112,149735,10,4162.435825774761
5461,6767,227,3,4372,0,800.0
164479,172391,11171,144,131482,5,4467.797166542893
85757,48136,5425,119,127381,9,2075.2659278857227
143096,102628,5620,75,130017,3,3153.5508765725876
5542,5772,392,8,8058,8,800.0
18517,16060,633,12,19812,6,800.0
29024,31517,1791,19,33767,9,800.0
5578,6723,349,6,4514,7,800.0
4743,3855,88,1,4319,12,800.0
29310,27338,1256,25,38888,4,800.0
18254,22928,300,4,24222,0,800.0
6680,4442,400,9,7031,1,800.0
6375,6621,450,10,6804,4,800.0
57806,53674,3585,78,83963,6,1725.7937807790365
19480,23063,524,8,29109,10,800.0
4912,3559,78,0,4357,1,800.0
13779,7706,787,17,14301,11,800.0
82831,46054,3645,66,112344,10,1743.3264995385646
5641,4531,425,9,8169,7,800.0
54669,30241,2768,49,75982,1,1423.5340391180855
26876,28773,765,14,28164,9,800.0
8483,9390,628,12,10497,3,800.0
3547,3796,148,2,3715,3,800.0
11140,13660,474,5,12881,0,800.0
85609,90222,2797,67,80271,4,2159.9237913547568
18480,16086,1269,24,17567,10,800.0
13242,14955,1044,21,18489,12,800.0
12366,6516,394,4,18441,9,800.0
3016,2748,84,1,4109,1,800.0
20572,19777,641,6,15645,1,800.0
14845,12954,228,3,18022,3,800.0
91924,87598,6061,115,90223,9,2240.522348137242
13328,15589,233,4,16760,11,800.0
151790,153407,2960,57,206389,8,2337.070489433775
18838,14571,1420,16,22132,7,800.0
68818,86156,3095,74,79388,4,2340.567608828849
9524,10073,570,7,12226,12,800.0
94529,81686,5750,127,122980,1,2239.716664184432
12313,10637,547,12,16217,7,800.0
151995,109681,7937,142,232427,0,4256.266426952367
4247,5123,306,3,5491,11,800.0
53943,65145,3614,41,43839,9,1501.3080655633437
89995,69136,1714,42,68424,9,1977.4058209224463
486162,550105,24732,268,522427,5,13947.808672735431
21711,27664,1397,17,23790,9,800.0
1064,549,31,0,1536,1,800.0
9503,5929,676,10,7359,6,800.0
10192,11460,469,6,9919,9,800.0
7125,3887,487,7,7671,3,800.0
18558,19140,1474,12,16318,5,800.0
8211,7341,518,11,9318,10,800.0
46796,38977,2826,66,54398,12,1533.5648871183641
63960,60258,1914,36,66195,6,1129.8594271317102
32272,38190,830,12,36844,2,800.0
14318,16296,563,5,14756,6,800.0
114990,77779,6753,154,103075,11,2514.4612875508233
12429,8853,373,4,14901,10,800.0
21659,15879,381,4,19206,7,800.0
28935,24420,1350,33,35798,12,800.0
6873,3604,179,2,6075,0,800.0
600165,433785,33435,795,880852,12,17479.800472319654
935060,815882,34448,811,1305383,8,16212.053142390536
24894,14946,1588,19,34739,5,800.0
11732,9300,883,18,11570,12,800.0
4953,6286,83,1,6444,1,800.0
18979,18897,649,10,23527,6,800.0
233250,232818,14206,188,371123,4,6647.824965458661
5501,3142,386,6,8760,7,800.0
42829,26570,2299,35,67295,1,1002.807119095117
5741,6320,333,5,7913,6,800.0
93415,110687,5755,120,95385,3,2381.7049845739907
3314,3591,144,2,5124,4,800.0
29110,21540,1369,21,35993,10,800.0
7859,4213,299,2,7042,9,800.0
8547,8106,356,3,13234,5,800.0
127241,75704,5746,66,201360,9,2462.0257987313335
11369,12865,815,14,15613,2,800.0
42813,48192,730,7,39219,8,800.0
2431,1707,133,1,2965,9,800.0
65394,40978,4355,76,48823,10,1279.0776626418651
65712,76153,4438,70,68744,1,1900.697535046251
107455,89897,2146,51,133406,6,1863.110239699366
20955,22459,1080,16,15959,11,800.0
1111629,1132292,66771,1307,1009728,2,28827.225384247744
4868,2846,153,2,4962,12,800.0
16311,8535,834,8,24736,11,800.0
5256,5703,250,2,8211,1,800.0
523730,381568,18633,248,409680,3,8121.359466695765
116260,108381,8038,123,169762,12,3136.499379059363
54470,51091,1700,39,51580,0,1194.5556613095634
87263,59959,3148,71,77646,11,2192.9194490409027
15747,17741,645,16,14791,4,800.0
35928,19852,1001,15,53834,8,800.0
77110,64349,2013,46,106531,0,1591.0001319645282
18750,12899,374,9,27133,0,800.0
30464,25458,2291,19,22712,0,988.0013898710716
8588,6449,565,11,7927,6,800.0
5830,4198,293,3,7803,6,800.0
4894,3086,203,2,4402,2,800.0
8569,7369,181,4,8600,3,800.0
1000,1055,46,0,1197,5,800.0
6003,3718,150,2,5650,12,800.0
55958,39014,3759,52,88325,12,1483.1727338629523
5809,4815,173,3,5323,8,800.0
27651,28674,1062,9,26090,7,800.0
6219,3950,140,2,6322,12,800.0
355010,271308,15189,341,428784,3,6471.354800861454
170833,99021,3996,67,212323,4,3684.321144341106
2632,2982,173,2,3269,2,800.0
7874,9271,462,9,7810,0,800.0
17956,9242,436,10,20068,6,800.0
215211,144162,12326,245,174279,9,4257.262261416069
19613,10021,887,10,15169,8,800.0
195926,175173,12162,263,248839,2,4143.705280925234
98889,76418,5345,79,150859,9,1983.8235471878818
13701,15533,1007,19,17930,10,800.0
13658,11662,318,6,10082,1,800.0
27000,23450,2027,27,31024,2,800.0
93475,73403,5728,47,86841,9,2593.0029985535803
363526,342619,26690,387,520217,5,11398.470441597461
44114,28299,938,14,70079,2,800.0
104326,79449,7074,105,101735,5,3278.8290339837267
75885,45200,4426,54,92229,5,2144.9111028926636
3826,3808,238,2,3320,5,800.0
18698,17591,555,7,21899,5,800.0
10719,5848,220,3,8520,8,800.0
19596,14058,960,17,20757,6,800.0
11850,11453,801,11,16082,5,800.0
13081,16077,501,6,9403,2,800.0
31439,31517,2446,47,48339,8,800.0
25522,32552,1352,12,26544,0,800.0
9893,12843,571,8,10947,5,800.0
6831,6784,375,5,7594,3,800.0
17465,22069,998,16,14605,12,800.0
2108,2193,53,0,1547,4,800.0
3571,4276,191,2,4354,12,800.0
8947,6594,364,3,7418,8,800.0
4301,3248,210,3,4829,4,800.0
2660,2017,157,2,4226,12,800.0
29503,28456,1432,27,45503,5,800.0
295091,237477,16778,305,221055,0,9249.90931962837
5869,6856,433,6,5148,9,800.0
4393,4415,301,5,6176,0,800.0
60138,30758,2524,21,67986,2,1281.9165355251691
104176,58764,6075,65,114348,7,1802.3401923374583
5395,4414,98,1,6261,5,800.0
35976,32966,1833,20,57386,10,800.0
8164,4369,174,2,7076,12,800.0
5632,6404,444,8,7778,2,800.0
6802,8564,404,5,5634,6,800.0
3324,1725,139,1,3330,8,800.0
206719,168376,7338,70,188782,1,3864.8373282972607
22408,16234,442,9,22742,2,800.0
67240,59971,4200,86,85236,6,1844.3189360951876
12387,11924,523,11,17953,2,800.0
5338,5454,388,7,5944,3,800.0
9251,5609,376,9,7797,5,800.0
318036,236066,12096,240,431826,4,7879.953251280313
100742,96332,5135,105,89569,12,1983.099742085712
3049,3230,54,1,3041,0,800.0
3366,2386,79,1,3625,4,800.0
8360,10252,351,3,7677,0,800.0
9551,9556,200,2,11418,4,800.0
29030,17341,1368,18,35686,10,800.0
29100,20807,778,9,25572,3,800.0
4066,2252,216,2,5889,6,800.0
50112,25611,3396,65,64365,10,1272.3138753565827
61633,65676,3157,68,79895,5,1792.9047758276872
33404,18017,2411,56,30329,8,800.0
13898,9277,230,3,14935,10,800.0
40523,51920,1160,27,51911,2,800.0
65862,50242,1638,18,49331,8,1546.7335267340814
24620,20729,868,17,31530,5,800.0
15504,19181,760,16,22184,5,800.0
5218,4181,402,3,5245,5,800.0
11238,11012,228,3,12778,1,800.0
81285,85026,6212,102,81159,0,2709.7277778747584
6687,3684,233,1,5746,5,800.0
3376,4242,228,5,3313,7,800.0
101633,101631,5797,76,129532,1,2720.3699509315943
87325,93988,2383,43,101297,4,2056.5733564638253
118759,97593,8990,179,133237,11,3935.394944020238
4338,5245,180,4,3220,0,800.0
44505,52996,2488,61,36452,5,1332.383180444371
495492,422422,24197,401,739235,10,9662.255010003664
2123,1866,86,1,2348,1,800.0
21875,22290,1494,23,23560,9,800.0
46897,35137,2978,36,68520,0,1182.775699694012
4283,2142,125,2,6525,3,800.0
67407,80952,4222,50,91033,6,2202.164428377861
7576,8144,419,3,6057,7,800.0
7780,5598,496,4,9819,12,800.0
68823,34957,4906,77,96368,0,2591.8322544341886
9254,6695,477,11,12994,3,800.0
132884,79398,10233,239,95204,2,2424.5325284881137
472607,262083,14264,248,410417,4,10363.480114009511
16915,18436,1141,25,20016,11,800.0
369232,233143,13228,133,518713,6,8026.357808472636
11944,7614,271,5,13483,10,800.0
5573,5068,88,2,7760,6,800.0
38274,31180,1512,16,45549,0,1019.7472706164751
3973,4624,175,2,5122,10,800.0
23186,12331,970,23,21947,6,800.0
5691,4631,151,1,8838,11,800.0
7817,7833,291,3,6822,10,800.0
68033,78663,5106,99,82025,0,2884.7493442447676
85776,56384,2024,26,78376,2,1570.9505424765018
221222,144795,13566,217,248692,7,4861.3079934911475
2829,2976,47,0,2785,2,800.0
5978,5597,168,2,5298,6,800.0
99159,62406,7456,85,155605,11,3082.789815518903
5065,2860,168,3,7541,12,800.0
9573,12077,354,6,13058,10,800.0
7131,4860,322,7,9766,7,800.0
7698,9497,210,2,9223,9,800.0
12444,14668,537,11,12779,5,800.0
80865,66430,1482,23,105640,4,1933.965675190637
10978,12070,297,3,13076,11,800.0
32244,29938,2500,48,40513,2,800.0
1021,528,18,0,1043,11,800.0
13634,14461,640,9,20041,5,800.0
81128,48312,5949,130,80727,10,1911.6042902842294
20571,24296,585,8,15959,6,800.0
7556,8049,194,3,8929,5,800.0
7522,9348,457,6,10266,7,800.0
50632,27455,1611,16,68529,12,1038.8535227254763
40628,43448,2477,44,61288,10,800.0
22754,14872,1216,22,29580,3,800.0
1561,1795,97,2,1454,9,800.0
10774,12326,686,6,8868,6,800.0
18162,15979,315,7,18210,6,800.0
3782,2873,72,0,4937,0,800.0
2383,1393,47,0,3464,0,800.0
1000,1284,39,0,1119,11,800.0
26373,30993,1146,17,24689,12,800.0
4311,4410,161,2,4376,0,800.0
9403,9973,508,9,8995,4,800.0
18929,12035,610,9,14879,12,800.0
3014,2334,94,1,4421,6,800.0
9316,8629,589,11,13737,7,800.0
5815,6472,307,7,6197,12,800.0
115937,136339,4122,79,130856,9,2748.195561873353
3514,2391,161,1,4409,6,800.0
10978,12930,480,11,9719,10,800.0
39705,45792,1746,16,59427,2,876.2309363877999
120094,153909,2743,42,104270,1,2948.338420172579
231949,257985,14045,161,356381,12,8463.515708220944
28225,18707,867,20,44005,5,800.0
2557,3057,110,2,2205,9,800.0
5328,4749,285,3,4369,8,800.0
32282,40777,732,13,47745,3,800.0
2594,1457,173,3,2474,6,800.0
61509,56071,2164,34,90489,1,1245.335597101929
25654,22203,1826,26,28927,10,800.0
57395,30094,1275,29,77723,4,1219.7711351885791
19974,25516,370,4,23196,11,800.0
48622,62168,2990,24,42848,11,1315.9060995160037
6653,8585,248,2,7562,0,800.0
3722,2096,241,2,2763,9,800.0
17780,9275,761,6,24983,1,800.0
18111,22223,871,14,25476,3,800.0
66846,62691,1222,15,100362,12,1338.6053775999535
14049,7952,739,11,11788,3,800.0
30109,36002,677,13,33872,11,800.0
20135,25343,1363,14,15749,10,800.0
5050,4682,83,1,6663,4,800.0
578661,741823,15042,247,849465,1,14863.615247619375
6333,4663,137,2,4949,5,800.0
57316,44342,3007,36,81903,5,1285.1267674916671
7029,7160,109,1,8153,7,800.0
18875,19403,1418,14,19816,6,800.0
9499,12095,293,3,14840,8,800.0
142554,101700,3741,44,115123,7,2180.0140869786665
39438,35210,1400,15,38990,12,811.5304632856803
259169,213577,17134,384,182049,3,5960.731732617745
2417,2361,46,0,3300,0,800.0
7250,7552,550,5,5851,5,800.0
21249,12760,1071,12,20415,10,800.0
3717,4434,89,1,5517,5,800.0
14224,10159,544,5,15490,6,800.0
3378,3584,64,0,2394,4,800.0
84857,62381,5749,117,93486,7,2111.4613386758697
127866,104521,5724,101,139129,1,2396.136749754871
29239,35414,1539,28,35448,3,800.0
7801,4678,588,5,10041,0,800.0
2285,2728,172,1,3054,12,800.0
74249,82551,3524,76,69719,10,1495.11920767963
33616,24678,1454,14,40032,9,846.9141838628802
63268,77726,2047,20,69095,8,1580.235793505421
125209,88395,2279,28,102933,10,1935.1271569583803
85855,61822,5394,74,109482,5,3026.6141894320263
15614,8114,1178,23,20720,10,800.0
982866,692011,49189,1022,1367253,5,25643.687645505895
23314,24740,1602,14,25958,0,800.0
9512,11844,388,9,9553,2,800.0
91695,98320,5322,71,86315,9,1824.0291729070332
120687,104689,5332,103,92841,10,2647.6450741429967
10013,12517,239,3,10180,7,800.0
14413,7768,928,14,21033,9,800.0
2751,2976,175,1,4078,3,800.0
62980,81789,1775,22,74771,6,1789.4461664881255
28403,27397,1581,30,38841,4,800.0
15995,14559,320,4,16138,4,800.0
11317,12025,744,6,16421,9,800.0
22558,28494,386,8,20052,4,800.0
18828,16697,341,8,13427,2,800.0
13793,8626,415,7,18138,5,800.0
4394,2778,330,8,3084,7,800.0
7137,8683,230,4,5660,2,800.0
22068,23109,1113,18,19225,11,800.0
5303,4445,115,1,7509,12,800.0
122808,69930,6192,66,112143,9,2442.2086417260175
4567,3255,255,4,3357,2,800.0
4671,3612,199,1,4040,8,800.0
31830,25663,2360,36,40346,7,800.0
4501,3868,96,2,6960,4,800.0
46131,49675,2590,52,42968,10,800.0
13223,7622,591,14,19944,0,800.0
64162,74154,2086,24,102621,3,1268.5817300587466
315516,352121,6454,160,399808,9,7298.291264182153
9211,10618,300,2,9583,0,800.0
200802,245958,12265,109,165452,8,4698.528660841082
22252,16571,686,6,25252,0,800.0
110608,61559,6241,106,113415,0,3579.189106248159
6489,7869,261,5,9293,7,800.0
147840,75891,3116,37,219716,11,2913.1169961211062
24898,26737,684,9,32315,8,800.0
448413,412595,19413,402,394453,3,10197.071341339228
6060,3892,241,3,6160,12,800.0
13037,15561,414,6,16978,9,800.0
2510,2141,120,1,2052,12,800.0
150297,134349,7981,126,131221,0,3645.4297986763045
61814,75347,3486,36,68666,5,2099.4391619098114
13342,9024,874,13,11315,3,800.0
32882,25878,2321,46,41694,1,872.4878245409991
8336,5804,476,10,11218,2,800.0
50923,34452,2110,52,60087,10,1108.9485798327282
39994,49594,1137,11,41173,2,861.3435616134482
6510,7369,165,1,8167,10,800.0
18980,11525,1054,23,15263,8,800.0
21331,24753,1618,18,30123,3,800.0
129521,123557,3482,84,134612,7,2137.862633624493
8279,4232,201,4,10019,7,800.0
76870,82325,5665,109,110410,10,1482.3057978469146
119116,142690,3121,33,149109,4,3883.4212008345476
5246,3740,278,2,3820,9,800.0
92830,86981,4692,70,72456,1,2479.1872046852977
79320,68056,1597,13,62797,1,1780.4841294296907
310353,332365,9409,95,461280,9,7633.253385552197
10204,8785,344,5,8217,2,800.0
1378,1123,68,1,2016,3,800.0
5851,4814,404,6,5850,4,800.0
7680,9850,393,3,10720,11,800.0
25944,19678,448,7,30865,4,800.0
7484,6720,201,4,7097,4,800.0
77929,60082,5098,58,94088,11,2423.14207318971
6099,7054,164,1,6623,6,800.0
11292,6762,341,6,9161,1,800.0
8016,5707,635,5,10459,5,800.0
16182,18275,1086,14,18750,7,800.0
23877,17926,660,12,30049,0,800.0
4803,4193,322,3,4925,7,800.0
9534,6100,758,8,12445,5,800.0
62268,68163,1065,10,84123,7,1165.5399425651556
3507,1926,255,2,3875,10,800.0
33515,18219,1866,31,48690,1,800.0
5639,5110,349,3,6480,0,800.0
5460,3322,187,3,4537,6,800.0
265287,152515,19854,365,413730,4,6466.488724625878
83512,105081,1743,23,77891,3,1751.0904743001224
3458,4306,106,1,2746,1,800.0
8039,9154,199,2,10744,3,800.0
3956,3101,77,1,4560,11,800.0
10329,6479,807,12,10522,3,800.0
99432,97977,6383,137,84527,8,2726.2983899497053
4002,2920,292,2,3981,5,800.0
9843,8646,712,8,11493,4,800.0
90272,67022,1925,26,115042,6,2180.8878878523833
47307,47191,3092,69,58949,12,1363.2576790468675
138626,92326,8509,193,168005,4,4106.542363494574
47900,61987,2953,38,63635,12,1669.134760956987
29118,24870,1918,40,33099,6,800.0
2495,3021,175,3,2832,2,800.0
2699,2595,167,1,3462,4,800.0
1510,1903,41,0,1612,1,800.0
13996,9990,561,5,15106,7,800.0
10714,10887,333,7,13776,2,800.0
9731,10298,407,10,9161,6,800.0
11296,9788,566,11,17514,3,800.0
5308,5326,266,5,4942,4,800.0
3067,3295,150,3,3751,7,800.0
11672,6095,577,9,10761,10,800.0
4027,4103,172,3,5454,0,800.0
17503,14921,637,12,25751,7,800.0
6244,4616,261,3,8574,6,800.0
14653,17711,516,10,20476,8,800.0
17098,21510,430,5,23769,8,800.0
153804,86195,7213,139,193190,1,3424.3523326645213
123181,64791,7635,131,152220,1,3993.461061408705
18077,21202,919,14,28871,7,800.0
22598,29050,1345,30,29874,6,800.0
31674,24873,2229,53,29623,0,1088.0470070905924
24937,30915,1531,15,29062,8,800.0
6680,5262,373,9,7115,5,800.0
22146,12238,730,8,29573,4,800.0
7921,4124,310,6,7125,11,800.0
6509,4747,376,4,7834,2,800.0
59279,67534,4147,49,68623,4,2362.53709701333
338811,429553,15470,362,443348,7,8423.773129065168
40511,38230,2823,67,61231,1,888.7850945267717
15343,16442,291,7,19348,10,800.0
3161,3341,248,2,4124,12,800.0
16089,17221,1037,9,16566,5,800.0
53949,44383,2940,33,70609,6,1368.6171450607508
2902,1464,149,3,2236,3,800.0
942493,1169130,37185,716,1086448,11,28127.713208268196
15555,10155,283,4,21955,10,800.0
4450,3194,283,3,3585,4,800.0
54468,49898,1568,19,61398,11,1367.8911424011853
106837,118725,7641,65,98613,12,2928.4224887651244
61176,56257,2133,45,78714,5,1564.1881874557992
11723,11074,703,10,15586,6,800.0
22505,18581,711,8,29479,12,800.0
138940,169350,5792,113,209331,7,3617.9413047339044
5879,5693,252,2,6872,1,800.0
105983,82388,4633,107,145388,1,2734.7373350936946
4785,5735,272,6,3528,4,800.0
82761,76310,4228,50,106752,6,2133.54770060876
2498,2845,71,1,3553,7,800.0
2950,3036,186,4,3008,3,800.0
4677,5523,193,2,6634,8,800.0
24689,16928,528,11,33034,10,800.0
7308,7110,332,7,10948,12,800.0
4099,2106,271,6,4897,3,800.0
7911,7519,201,1,12257,1,800.0
52942,53547,3512,72,77725,5,1794.4552970095906
5092,3255,270,2,7977,8,800.0
75885,47640,2521,32,64324,10,1510.670305204026
574380,522152,19339,171,819075,3,11349.655733640344
48347,62436,2150,30,36224,9,1291.59848831042
20114,25202,1319,23,29682,3,800.0
3904,2941,159,2,4375,11,800.0
8514,8533,448,7,8758,10,800.0
253588,190996,9304,82,354159,1,4379.4672331933
46485,45466,3524,76,66403,6,1431.150222634688
42053,27662,2847,55,37519,0,1274.332641106167
107969,85652,2718,29,135739,9,2749.4986309671435
60854,55472,3860,85,60725,3,1357.8536904531436
18984,21357,1405,19,13620,12,800.0
6394,5091,357,8,5777,1,800.0
13567,13057,361,5,21194,8,800.0
31964,28212,1071,17,27571,1,800.0
20473,11977,1553,25,29845,7,800.0
8895,7176,671,15,10163,10,800.0
4372,2318,122,1,5591,10,800.0
1960,1571,131,1,2965,4,800.0
156052,154847,11579,276,167092,11,3625.0231042076343
4832,4539,348,5,6235,11,800.0
67091,84407,1567,20,75655,3,1619.9581580217216
45660,44490,1592,12,54057,6,800.0
4750,2401,209,2,6827,7,800.0
101537,76684,4882,116,159623,7,2308.516601435174
13211,11581,765,13,11612,10,800.0
10220,6479,347,4,10640,6,800.0
32299,23984,2253,36,35092,8,800.0
23360,18197,1568,16,30940,11,800.0
34710,18432,1922,42,30131,12,933.4556281834554
5920,6918,221,4,4683,10,800.0
10844,12931,518,4,9946,12,800.0
26993,32040,948,14,35911,4,800.0
39117,46578,1741,43,59663,8,837.064901013937
103395,105135,4204,100,86391,9,2306.269979113461
57268,42501,3946,49,64195,1,1540.6226755860675
21684,18823,894,11,15474,4,800.0
27799,17967,696,10,28592,0,800.0
2273,1242,153,3,3475,3,800.0
5088,5182,236,4,3645,10,800.0
2417,2140,192,3,3336,8,800.0
16792,21396,552,13,16613,6,800.0
5500,3826,92,1,8213,12,800.0
63179,48111,2224,44,44839,1,1145.5524342737374
22717,18810,1639,15,25756,6,800.0
7571,6978,386,3,10505,3,800.0
9311,10422,585,9,12016,12,800.0
25933,14566,1241,23,25299,6,800.0
25426,29448,828,13,29659,0,800.0
4983,4239,236,4,6228,2,800.0
179463,217054,8326,172,186733,10,3365.037459789089
8150,4953,642,10,8014,4,800.0
2482,2237,98,1,3089,0,800.0
11624,7900,373,4,13006,12,800.0
43186,53861,963,11,37365,6,986.0643854123905
6844,3812,490,10,10052,8,800.0
25311,31127,1922,23,39269,4,800.0
7450,3999,325,4,8861,4,800.0
91945,117182,5883,49,128869,3,2655.5675549749294
58600,44416,1523,33,64237,3,1302.92432079131
37049,19825,677,10,49954,4,800.0
5662,7197,202,1,7232,3,800.0
25581,33103,1653,14,33079,2,800.0
72840,68750,5589,136,73343,1,2026.2396621353719
9937,12745,252,4,8373,4,800.0
18779,10470,1099,22,17483,4,800.0
5378,4954,418,5,5232,9,800.0
35921,24643,2564,38,44790,1,866.042861142898
238488,155329,15019,175,290035,10,6191.3062510595355
25266,16575,1893,19,39528,12,800.0
37080,26483,1791,28,41138,4,1047.7824611353426
59673,66139,1548,37,94667,9,1293.64173469616
39512,32086,2274,46,34576,4,888.5972276876664
74763,43332,4198,42,92986,3,1286.7921031264466
4838,5064,151,2,6364,11,800.0
21386,17943,718,6,27478,7,800.0
15436,17752,972,8,12591,2,800.0
3567,2821,147,2,3192,6,800.0
10892,9225,226,3,11112,4,800.0
31221,26696,1718,32,27137,3,800.0
4976,2707,312,6,7459,4,800.0
22634,15132,1658,21,20478,4,800.0
49343,38079,2808,49,65979,0,1202.243609617642
11130,9992,656,8,8732,5,800.0
158691,156908,11102,258,116814,4,4943.143498824843
85943,45609,5858,97,127515,4,2510.454146806671
16222,15173,391,3,11472,3,800.0
30324,38485,1284,27,37582,0,800.0
15869,11383,413,7,14146,10,800.0
490352,296087,11342,273,588979,9,10160.427255372246
1037,672,53,0,935,3,800.0
91390,49817,6045,100,94355,4,2850.00143194931
14869,10694,922,14,21729,5,800.0
6673,7080,464,6,9409,4,800.0
9754,10899,701,14,10496,8,800.0
4035,4154,167,3,4512,0,800.0
9732,9332,293,2,14008,10,800.0
4263,2319,318,2,6132,7,800.0
2345,1188,148,2,1997,4,800.0
29765,31685,1754,25,33941,8,800.0
186517,218597,5125,118,252249,2,3147.6371104985724
115509,86635,7637,170,175919,0,4144.493893948184
25433,19088,730,17,21896,8,800.0
1761,2235,132,2,1533,4,800.0
40787,49423,2336,54,44718,6,1161.1824088349854
2189,2640,152,1,3348,5,800.0
17577,13466,777,9,19237,3,800.0
38903,20075,2553,45,58409,0,1378.335423770993
29242,25779,1710,14,37372,9,800.0
23353,27948,1401,29,23542,9,800.0
32769,40876,1583,20,38354,1,800.0
166901,186006,3519,46,229071,5,4090.0922989823366
260472,314123,6303,64,318858,8,5840.619594942193
112749,114527,7193,63,114976,9,2500.6759783396787
3619,1855,167,2,2832,11,800.0
4918,6087,145,3,5327,12,800.0
64888,80634,3364,51,48621,6,1818.3558906638125
5426,6229,81,1,4225,7,800.0
11890,7490,626,6,15537,2,800.0
39452,40631,1367,26,33236,10,800.0
7645,7918,395,7,11966,4,800.0
9098,9348,558,7,11483,7,800.0
4318,4607,206,2,3990,12,800.0
19378,24147,841,10,24595,5,800.0
5130,3968,240,2,7858,12,800.0
6060,4016,458,10,5043,5,800.0
2575,1540,44,0,4088,4,800.0
14467,10002,1011,18,15533,2,800.0
11600,11594,616,5,14940,9,800.0
82531,103599,5833,102,82725,5,2338.395769722925
32588,17226,2212,42,38304,0,906.4063769980298
10677,5912,465,10,11939,5,800.0
34162,20315,2539,31,43767,12,1098.872113606126
9571,5829,287,2,8393,12,800.0
3444,2754,141,2,2977,2,800.0
24272,29457,1847,31,28688,12,840.0033831054795
12035,10022,484,4,16512,11,800.0
32919,29147,2515,55,39966,7,800.0
7821,9221,366,5,10444,10,800.0
36049,19312,1662,21,35277,10,800.0
4022,4367,235,4,4379,7,800.0
275317,294494,15723,147,236939,6,7285.871611753069
5825,5841,127,1,4575,4,800.0
3690,2905,195,2,4161,10,800.0
54303,69239,4006,85,86488,4,2025.9185933189153
18198,18843,899,9,26358,6,800.0
96821,117958,7631,64,78973,11,3394.40110739989
393910,482413,10047,106,458756,9,11355.904175772666
54901,36718,1538,18,72439,6,1104.55549731602
162959,171024,3895,71,248018,10,2973.455698653274
51013,62580,2274,46,40505,5,1589.1051767446386
8962,10367,170,3,7018,1,800.0
103217,107516,3032,48,143989,11,2407.4278264950963
8068,7836,297,6,8947,5,800.0
17686,20248,868,16,18006,10,800.0
7393,8498,240,2,8724,0,800.0
63504,36870,2814,24,84890,5,1837.2712239808347
7223,8082,414,4,7385,2,800.0
7100,5010,398,4,11031,12,800.0
1538,1065,43,0,1256,4,800.0
6712,6628,209,2,8233,8,800.0
6038,5182,441,6,7109,11,800.0
5607,4792,398,9,6881,6,800.0
50037,57336,1555,22,69385,4,1626.9337960253667
198343,216957,9354,154,276365,8,3950.4081503463685
19670,22845,694,14,24301,12,800.0
296917,148516,9921,236,241762,11,7585.674066075532
12297,13926,564,7,10085,9,800.0
152646,125508,6412,111,111826,3,3423.5257648810416
18231,18919,559,12,15990,8,800.0
36648,30118,1466,35,51489,0,841.7269918235228
1260,1442,20,0,1004,12,800.0
46587,47074,1602,19,44692,5,1175.3879323690303
5700,4356,209,2,4091,10,800.0
5032,3790,199,2,6589,3,800.0
5975,4929,132,2,8328,0,800.0
2934,1875,74,0,4062,12,800.0
79930,86426,6283,136,122761,3,1670.1923227868554
10286,9929,266,5,16230,4,800.0
10138,5855,541,10,12096,10,800.0
15240,15671,553,8,20686,4,800.0
6482,8019,433,3,10245,5,800.0
8791,5666,190,2,7182,3,800.0
17069,16681,610,9,21239,2,800.0
7750,4306,170,2,9532,3,800.0
1833,1247,48,0,1324,4,800.0
22259,12456,359,8,25806,10,800.0
12858,16264,886,10,17081,2,800.0
4775,2541,138,1,4206,6,800.0
1000,1188,56,1,1551,0,800.0
21085,18891,1491,29,17244,3,800.0
7431,4468,318,4,8989,6,800.0
19725,22250,889,15,28392,4,800.0
44999,40128,3114,69,62382,7,976.2879155247298
43095,49565,1090,13,35309,7,882.7231241688197
6330,5437,450,7,4789,2,800.0
176572,112407,7103,126,159648,0,4621.443515914674
12013,11411,828,16,15661,2,800.0
3655,4662,236,2,5013,12,800.0
2766,3444,131,2,3388,9,800.0
4103,2269,174,2,2877,12,800.0
47383,29372,3053,37,57553,7,975.4876183684045
14331,10241,944,7,19034,7,800.0
7968,6853,247,4,5736,2,800.0
2008,1876,37,0,1875,9,800.0
33991,36864,1915,45,51877,1,871.4113974170984
3813,2913,294,6,5971,1,800.0
346745,440797,18980,159,272547,7,6492.372707302677
2273,2367,140,2,2660,1,800.0
3646,3924,275,2,5064,1,800.0
7938,9044,163,3,11976,2,800.0
4241,3192,110,1,4588,4,800.0
16532,9804,1093,26,16931,7,800.0
49549,42902,3716,58,72419,9,1311.776481904705
3348,2979,73,1,4445,6,800.0
387896,361933,25670,264,384601,7,10349.485287420175
4247,4899,246,5,3460,2,800.0
12146,7002,488,4,18499,12,800.0
12364,6845,731,15,15261,3,800.0
10223,7505,679,11,7884,1,800.0
14641,11862,593,7,14028,2,800.0
3775,2539,128,1,3181,9,800.0
12265,14704,558,9,17005,4,800.0
106278,131998,1654,23,80735,7,1938.1474002457771
6930,8239,425,6,5815,9,800.0
110250,142722,8182,97,87701,12,4241.968232883346
75118,88310,1625,40,91953,9,1954.092790900626
24815,25792,1479,12,22317,1,800.0
4242,5334,216,4,4896,7,800.0
22537,19366,1123,10,24703,8,800.0
1344,1704,87,0,1545,7,800.0
6756,5722,487,4,7234,3,800.0
16091,10255,255,2,20731,3,800.0
86568,65826,1636,32,71792,5,1842.4521495299605
15396,19857,1230,18,22994,11,800.0
2762,2326,75,0,3569,12,800.0
18747,10320,739,11,28535,4,800.0
22108,19975,709,11,30280,4,800.0
88763,103528,5469,122,121467,2,1858.1465898069457
11538,12725,407,5,10361,11,800.0
49691,50975,1435,15,53776,11,1242.5258957964274
1000,972,20,0,1239,7,800.0
3545,3523,60,0,4908,5,800.0
91032,107754,7033,95,82606,2,2040.477100233646
4801,3373,323,5,4436,9,800.0
10040,8959,702,12,7362,9,800.0
2108,2357,63,0,2118,9,800.0
15328,9099,245,2,13280,1,800.0
227184,193066,13990,144,241540,3,5501.351114027952
28888,17839,1069,22,34577,1,800.0
7239,4331,127,1,6390,8,800.0
22925,17222,1475,17,25530,9,800.0
17470,21013,344,6,16974,1,800.0
4185,2120,241,4,5867,2,800.0
2977,1605,222,4,3620,1,800.0
70335,71888,5591,94,53114,0,2212.5794167690387
8944,5361,414,3,7985,1,800.0
73849,79674,5063,57,107037,6,1901.350298994739
71989,41663,2129,37,109792,10,1105.2090484889068
565605,298266,24767,539,558640,10,11829.695958400256
44428,31898,954,23,64358,11,987.1980193730585
5813,7293,115,2,5979,4,800.0
33263,34922,2384,25,26624,7,800.0
26745,14189,1317,29,33530,2,800.0
13737,16181,735,7,14028,12,800.0
43707,53096,905,12,45907,11,1102.7532471810716
6003,6892,212,2,5640,5,800.0
36575,34814,561,7,36768,12,800.0
20364,13310,1344,25,25954,12,800.0
23215,13770,448,5,28712,6,800.0
9038,9185,543,7,11917,8,800.0
282916,226568,17052,373,438052,2,6457.12348653974
4008,3795,237,2,5059,5,800.0
39506,42663,1941,36,43158,0,998.6413642245942
8655,5146,220,5,11983,11,800.0
483418,256742,32795,414,625082,6,14575.647133703893
6774,8115,146,3,7836,11,800.0
10880,11703,484,10,8668,10,800.0
2324,1951,99,1,2499,1,800.0
9283,8704,633,8,6838,1,800.0
58901,43381,3606,86,72032,6,1738.9953400282398
80591,42261,3854,88,65974,6,1995.8456169434646
5786,6763,335,5,7791,6,800.0
104078,79461,6668,98,85802,5,3647.2879637810643
13728,7245,544,9,10870,9,800.0
16174,18070,788,8,18930,12,800.0
7463,8505,563,9,8131,0,800.0
122275,152869,9670,223,180470,2,3060.7137338911916
246495,265066,18005,355,302324,4,8824.114359299658
37633,36480,1181,18,53300,11,936.6208618967952
10769,7093,444,7,16858,1,800.0
3322,3745,229,4,2879,10,800.0
17721,17436,1340,19,22922,10,800.0
79438,73712,2621,26,80522,10,1283.0270714913604
7388,4143,126,1,6992,1,800.0
59418,61848,1331,26,79138,8,1283.9926702141474
7623,8883,602,10,8559,10,800.0
12372,11190,308,7,13261,11,800.0
42981,38721,857,18,56660,4,965.8803030264289
405029,376472,14747,330,615528,7,6255.935370126094
4791,3512,194,3,6901,5,800.0
2195,1312,100,1,3369,8,800.0
6146,4738,341,5,5001,6,800.0
45372,32435,1237,27,53581,2,800.0
40925,31175,2664,28,37568,10,1030.226118751538
11672,7504,426,9,16210,5,800.0
7106,6519,249,3,9218,0,800.0
10767,8983,217,4,16674,11,800.0
16873,13891,1152,19,15174,11,800.0
13296,6837,743,7,15782,8,800.0
63757,70032,3049,37,52603,7,1379.4252000512297
2876,2714,176,3,4353,6,800.0
270762,180795,16827,310,405116,10,5965.805957810057
4946,3965,183,3,7496,1,800.0
3333,4268,187,2,3264,10,800.0
11747,11551,367,4,17524,3,800.0
13191,15844,496,4,11627,7,800.0
81422,76320,1821,16,108972,7,1223.268656718225
107283,103538,7127,80,150486,9,2401.7128334488366
106017,78281,7629,100,75344,7,2525.474790202317
3474,4180,62,1,4972,3,800.0
30050,24112,1870,15,21254,8,800.0
13062,9603,779,10,15725,5,800.0
9527,5425,512,4,12685,9,800.0
2331,2601,132,2,1928,10,800.0
2403,2695,184,4,2299,10,800.0
161052,165774,6124,76,257610,12,3696.607331547947
54094,37325,1178,18,56361,6,912.4415172040498
26468,30018,656,8,39670,9,800.0
9611,12418,334,6,7383,9,800.0
5316,6717,360,8,8150,3,800.0
37604,46424,1069,26,53911,4,1191.9945639395837
6108,6332,365,2,5156,10,800.0
9041,4834,430,4,9164,11,800.0
1000,559,28,0,1118,12,800.0
645513,343107,10749,97,793181,12,15469.215167412478
8526,8517,514,8,7418,0,800.0
2212,2578,172,2,2115,2,800.0
30692,17267,2353,33,47267,8,880.0829226593951
41002,39957,705,9,35592,8,800.0
3966,3233,70,1,4262,0,800.0
3627,3685,204,2,5237,0,800.0
145087,152712,2857,41,171293,11,2750.3021584138496
150188,93823,10763,211,133036,0,4451.676379743513
59229,74766,1491,20,63070,3,1041.302888334166
4584,3596,189,3,6472,7,800.0
54662,67332,1364,12,41431,10,980.0977960922768
37651,42137,2164,35,53933,12,928.1576012582627
97809,84075,4036,90,154022,1,2477.659609207287
2173,2375,87,1,2276,5,800.0
40120,47132,3096,40,52939,10,1219.4495865912615
22286,20076,1034,10,22051,5,800.0
80893,61023,6403,106,95353,4,2910.90308825743
11866,14642,873,10,18245,3,800.0
70092,76798,2442,28,52061,1,1627.4994303032295
32481,27283,1382,23,26852,3,800.0
27876,15603,1725,14,42455,12,936.4398761056866
2386,3039,165,2,2612,4,800.0
5227,4800,384,5,4197,5,800.0
42261,26966,1584,24,29682,7,800.0
8614,8770,251,2,9299,0,800.0
6416,7160,395,7,7160,8,800.0
9209,8691,339,3,11214,3,800.0
5526,5435,350,2,7281,9,800.0
110659,101158,4950,95,160305,11,2526.769785189039
23438,15874,1522,18,22091,3,800.0
21963,11015,1670,32,29720,8,800.0
4209,3245,272,4,3611,1,800.0
16617,8772,526,5,17767,1,800.0
4928,2815,320,5,4386,0,800.0
7510,3984,398,8,8556,10,800.0
45788,27686,1282,22,59901,8,1011.6499173924741
41304,29228,661,5,53498,11,800.0
10512,8320,472,8,10698,8,800.0
82856,99902,6520,96,100867,5,2649.400179735427
15850,9432,1263,29,11308,9,800.0
30547,25262,2021,39,44018,5,1002.2502216116171
198739,176211,14211,151,199210,6,5008.893656634415
9511,12199,554,10,12892,8,800.0
17571,12487,853,15,15618,3,800.0
4398,4782,288,6,5352,3,800.0
32723,30825,874,9,29251,11,871.9252539728147
161892,173905,3483,77,212375,11,2944.9158482229273
3594,2784,271,6,5632,9,800.0
6039,3636,97,1,8326,1,800.0
7196,6725,250,4,5169,0,800.0
12088,12686,689,9,16908,2,800.0
54744,57026,2503,51,81407,3,1332.0030192018712
12172,6854,844,12,9521,1,800.0
100857,70705,4050,56,85686,5,2787.4261867929436
65135,73559,5116,115,90729,11,1699.008379612911
13414,8165,854,21,10194,0,800.0
26935,23597,1879,27,28303,9,800.0
34347,41090,2546,34,41299,6,951.1604913860263
16240,12344,719,15,18253,12,800.0
54590,59728,3256,76,47051,1,1405.7327985228137
89552,99434,5091,117,123898,6,2529.4409477869226
47263,39864,2429,44,74176,6,1169.4344102393793
59967,37282,3768,87,91210,12,1804.7211971026486
73825,55291,2106,47,102837,2,1288.8546667212581
100680,88138,5588,79,81041,3,1688.4743122439008
76372,70258,3180,49,86255,12,2060.1235708840377
13856,14995,691,12,11213,4,800.0
12082,14682,576,12,18639,11,800.0
6174,5670,144,2,7839,6,800.0
149068,159940,8168,170,160259,6,2987.7716672080173
3930,3495,147,3,6212,11,800.0
3434,3413,268,3,5436,0,800.0
3894,4050,195,3,4945,11,800.0
8534,4967,223,2,10678,0,800.0
6650,6748,394,8,4746,4,800.0
32542,32514,979,8,36261,0,800.0
38560,21291,2279,29,37661,11,1092.5634804207177
57034,41302,1746,37,42650,12,1228.2820655387686
21388,24962,1573,29,25626,5,800.0
1901,1739,85,1,1570,1,800.0
3787,3982,190,2,4250,9,800.0
2193,1964,124,2,3211,6,800.0
9917,9084,162,1,13010,0,800.0
218480,139320,10679,143,212993,0,5095.82823642429
15008,16248,853,14,16963,7,800.0
60803,34839,3053,62,79715,11,1752.3489887029361
37440,32886,2097,38,48855,6,814.0058123150485
23643,30143,1048,14,18334,7,800.0
1982,1330,100,1,2235,12,800.0
95062,115559,2881,33,82308,0,2457.928028793914
7201,8936,441,10,5613,4,800.0
19879,25512,856,20,15501,7,800.0
42181,40830,2827,44,67376,4,1412.2501873309673
272617,167646,15059,122,318998,11,6138.603274071847
85689,80148,5643,69,71886,5,2759.5775283696244
37534,46032,2329,54,34235,10,904.3576864486681
51742,41988,1424,21,80007,9,1134.1469626579958
6039,7636,189,2,4382,9,800.0
24442,29280,1147,20,32773,8,800.0
36973,26969,2430,49,39272,6,1152.425943255746
15232,12911,1124,26,17353,11,800.0
32750,28698,2120,39,32279,7,802.7516297559353
99297,120169,7170,163,155091,12,2592.6366993488173
5560,3333,375,6,8748,6,800.0
19869,12770,935,20,23083,7,800.0
91384,106021,1485,19,75707,9,2105.934192472466
5837,5936,293,2,6950,12,800.0
8362,6045,218,2,7048,1,800.0
47401,25292,2460,55,40721,12,1180.8246225840235
31479,17810,1899,33,33885,10,800.0
4959,3293,314,4,4778,11,800.0
93548,120862,5479,112,121048,8,2220.238860859453
6208,6549,232,5,8589,11,800.0
4440,2391,339,6,3112,1,800.0
175531,123122,7871,65,181374,3,3668.363289935831
11661,12323,569,6,18050,12,800.0
8261,9685,458,5,10858,0,800.0
90377,95414,2833,34,125853,8,1466.9654549993736
59805,55432,4063,34,49461,3,1615.7041835906248
63916,47197,3410,29,46758,0,1398.7729737126697
15495,16662,1004,18,23142,2,800.0
5613,5711,245,4,6425,10,800.0
80593,104263,4347,44,62915,1,2452.1203916322306
97387,107810,6198,55,151709,6,3053.768696647222
11201,14199,170,3,13809,4,800.0
5333,6732,221,2,7886,3,800.0
3909,2352,177,1,5021,11,800.0
16244,9304,1255,11,14748,1,800.0
103951,104367,5547,72,151859,6,2202.554483979552
483723,587968,19167,374,342898,4,13187.442606524059
7065,8069,517,10,5832,9,800.0
13222,8555,486,4,17348,7,800.0
5797,7124,336,3,6164,8,800.0
64575,50279,1556,25,67842,5,1747.7007791035196
128352,64842,6076,107,102528,8,2244.2900022188787
19298,17749,550,11,23149,6,800.0
3655,3125,282,5,5042,11,800.0
7717,4316,223,4,11593,3,800.0
791123,961846,28250,514,907458,7,14404.49344500027
17291,18746,1062,21,20078,3,800.0
31319,18144,1904,22,47542,6,800.0
10196,9974,783,10,7273,12,800.0
115913,64559,5173,62,164459,0,3411.835510705201
9192,10071,157,1,7537,2,800.0
9470,5464,746,13,11650,4,800.0
17520,21344,417,5,16088,6,800.0
11650,7978,688,15,13491,0,800.0
4445,3517,249,5,6521,4,800.0
1437,1618,66,1,1193,5,800.0
50748,60985,2673,41,75156,1,1100.8967810829636
9074,9265,465,8,7610,3,800.0
55821,60945,4381,54,51744,9,1612.7820461022675
8410,8223,389,7,9463,6,800.0
18742,16775,820,13,18384,10,800.0
4144,2801,85,1,2933,6,800.0
50841,52730,1410,11,47139,9,1177.4374186547354
68968,88903,5258,68,53775,7,1738.6232417898534
145281,102232,4598,86,225763,5,2894.0741543195977
98415,53554,4636,47,153446,3,2198.0969870848994
8647,10975,163,3,10325,9,800.0
20807,18314,1192,19,30568,6,800.0
17024,18208,1338,30,19474,0,800.0
9573,10214,490,10,7859,10,800.0
60564,39792,4123,78,53571,2,1520.2623987715242
3679,3561,203,4,3505,0,800.0
3857,3273,78,1,4629,11,800.0
8788,6394,163,1,12631,5,800.0
5715,3160,142,1,5111,2,800.0
18741,21247,936,12,21463,8,800.0
363287,240485,20829,470,545331,10,5866.588089409944
6097,6184,123,3,6820,12,800.0
1031,862,71,1,1257,0,800.0
5128,4290,271,2,8062,1,800.0
64765,67622,2400,57,48724,7,1045.015837593866
58122,37763,2938,70,42391,2,1285.5772216130267
20822,19134,738,10,23671,0,800.0
6228,3575,462,4,8404,3,800.0
6141,6798,193,2,7399,3,800.0
684130,480932,35669,327,972309,7,14569.594971860039
20357,21556,1531,26,18961,1,800.0
10556,7155,505,5,12564,3,800.0
392993,276248,30424,721,584568,6,11019.273345699854
48176,25706,2923,47,73043,12,1344.115603363569
7457,6647,454,3,6501,6,800.0
3151,3109,240,5,2927,10,800.0
11827,10276,901,14,11591,1,800.0
9646,5852,159,3,12435,4,800.0
13567,7957,531,6,12568,9,800.0
9110,5151,267,3,8843,0,800.0
24879,17889,1033,22,20355,0,805.043852771124
6542,7031,360,8,6887,1,800.0
11359,9955,712,12,10112,8,800.0
9040,11674,565,12,8545,9,800.0
5443,2826,305,5,8207,5,800.0
527787,634022,27454,466,810361,2,12636.04807972769
4313,2276,245,4,6469,5,800.0
94830,69275,6203,121,94031,4,2960.569154801544
13406,15133,518,5,10850,1,800.0
6378,5583,373,8,6455,12,800.0
2266,2259,69,1,1950,0,800.0
150782,176089,5444,74,208927,12,3914.9318569882084
7653,8222,534,10,11856,3,800.0
2506,2540,196,3,1823,7,800.0
72085,78971,4294,60,104591,6,1338.3216067835053
38013,42837,2397,40,36935,11,1299.2845612565998
19474,15715,323,6,16112,10,800.0
5831,3180,198,3,4357,12,800.0
3929,3264,292,5,4248,12,800.0
7097,7282,244,4,10299,3,800.0
48665,43876,791,10,59832,5,1090.7903475169967
1764,1377,80,1,1808,6,800.0
48921,39208,812,10,73685,9,867.3710575231198
13917,9751,514,5,17179,2,800.0
183357,127739,10668,164,271388,2,2833.641841281186
9531,6766,614,14,8775,12,800.0
53798,52191,3279,57,53052,11,1665.9204920625848
11462,8562,793,11,12254,8,800.0
16110,20234,551,8,25597,11,800.0
151792,190630,11665,212,212758,1,4679.655019738368
9002,9430,142,2,6456,0,800.0
12802,6683,888,9,18570,4,800.0
16826,18414,898,20,25662,7,800.0
93520,117559,7187,79,77659,5,3620.608481972795
22804,25668,530,7,35829,2,800.0
11356,9055,730,14,10443,11,800.0
100256,71998,2385,54,87391,3,2060.6423744676445
38322,37711,2456,31,50576,7,878.6645436287553
7304,9440,257,4,8038,2,800.0
58847,36356,2969,68,65161,10,1107.9233068238755
76056,56095,5319,51,107416,12,2434.563438152777
24129,19316,1813,30,33348,7,800.0
8415,8209,169,3,10354,0,800.0
14125,18129,787,17,15791,2,800.0
4663,5911,160,2,5920,5,800.0
17588,20919,284,5,15070,1,800.0
2006,1231,103,1,2409,0,800.0
4664,3311,277,6,5972,4,800.0
67084,66271,1802,24,90797,3,1440.3826399958043
148875,94152,7814,108,158173,9,3345.5859168323345
54221,33036,3628,88,54918,0,1700.9283838530012
10320,7705,825,16,15439,6,800.0
5622,2826,311,4,8646,12,800.0
3737,2290,147,3,5001,5,800.0
27609,26538,867,9,43275,1,800.0
11343,9237,263,6,16632,10,800.0
15794,8820,341,4,17626,11,800.0
12301,15530,622,12,10606,11,800.0
128963,97174,6044,83,129217,9,2562.466722129744
9484,6740,640,10,6672,6,800.0
33130,40533,576,13,27001,12,800.0
7388,5175,163,3,11119,5,800.0
48414,42780,1735,36,69258,10,800.0
39953,32283,2303,55,58044,6,1008.8425086795793
5008,2855,116,2,7284,6,800.0
135673,102717,8964,211,99548,6,3048.062785598511
6622,3689,149,2,9168,3,800.0
7296,4100,242,4,6059,0,800.0
91632,106008,7248,147,100014,4,2912.9584304050636
11944,12453,587,7,11437,12,800.0
4883,3894,390,8,4731,4,800.0
55810,41540,995,24,74016,10,800.0
10501,5560,775,10,9428,8,800.0
12105,14642,244,5,10634,8,800.0
46217,29513,2898,65,44234,2,1176.072556151708
9784,12149,442,4,14786,10,800.0
6375,6218,253,3,4862,0,800.0
4399,3638,263,3,3895,2,800.0
35896,19668,2313,56,25734,10,800.0
46414,49575,1009,13,41213,4,1099.4514372432177
16210,20154,1121,23,18038,10,800.0
26154,16522,1776,15,18439,11,800.0
20228,19549,1295,29,31197,11,800.0
8823,9311,424,7,7063,0,800.0
2765,3496,201,4,3215,2,800.0
14660,10918,1160,20,11943,5,800.0
200291,115317,12276,252,272173,2,4698.616767228441
12037,6072,820,9,19172,8,800.0
27638,20243,1816,35,26257,11,907.6039302919881
7663,4148,476,4,5572,10,800.0
42614,32995,1254,22,59488,0,882.7484507918273
4881,5524,211,2,7009,7,800.0
57509,74719,2588,53,83686,0,2050.4500816822224
40076,20432,1050,24,49465,10,800.0
91717,87202,5892,100,74107,10,1960.987935936086
47462,50592,3266,58,53704,10,1286.8497610003437
115598,94609,9149,170,115449,3,3155.291311394987
125477,74760,3011,24,166883,4,2967.5791233517575
7660,7964,313,3,5745,3,800.0
12629,11170,567,12,15213,2,800.0
51961,58402,3333,51,58720,5,1413.1907895972809
33375,33128,2418,24,27277,2,800.0
15508,8975,465,6,24525,6,800.0
3975,3875,280,5,4635,1,800.0
150626,86571,6333,60,171097,3,2655.175011487849
5072,4037,323,3,4341,9,800.0
11811,12466,215,4,17114,7,800.0
32333,20248,580,10,26626,0,843.3435224758855
222716,128282,14224,207,220196,9,6378.302111948196
3026,1581,124,2,4011,2,800.0
9264,8999,374,4,8783,6,800.0
31627,33719,2196,18,33692,10,851.4073030529267
63015,43723,1273,21,87988,11,1643.9481965180298
4392,4977,215,5,3530,0,800.0
6012,7030,118,1,5152,8,800.0
12989,11061,1017,21,9798,9,800.0
8264,7727,530,9,12306,1,800.0
15150,15363,421,9,16850,0,800.0
46037,46971,1677,34,63590,1,991.3938771609261
50018,48013,806,9,44574,3,800.0
8235,9805,646,10,8158,5,800.0
7757,9590,356,6,10484,5,800.0
152519,174793,4285,39,114156,0,4237.792279888124
44967,31279,1472,33,37023,10,838.6464603050562
9325,7274,170,1,7523,11,800.0
7175,8464,242,5,7848,2,800.0
632598,555691,12639,270,899463,0,15713.718141292684
10400,6483,712,11,10408,6,800.0
2719,2050,152,3,2471,0,800.0
10863,6323,592,10,15936,2,800.0
270883,304199,20922,412,369227,3,7292.399131355192
45867,33738,2465,22,32670,6,987.298778415201
26190,29921,812,11,32759,5,800.0
2624,2078,101,0,3913,6,800.0
64355,60681,4351,73,94086,12,1900.25057209197
5646,5997,346,5,7072,5,800.0
2093,1317,141,2,2016,1,800.0
104506,125168,8193,195,154212,2,3067.6020080296507
99894,100695,7882,128,109741,5,3151.251510789741
2606,1655,95,0,2918,8,800.0
1470,1054,74,1,1842,1,800.0
1396,1373,23,0,1755,10,800.0
4186,2204,93,1,3323,10,800.0
78769,39876,3100,41,104315,12,1804.822851566855
45928,36610,3008,42,33777,11,1359.6841469974943
2353,2753,60,0,3681,6,800.0
88352,95677,2565,63,113191,5,1807.363552765715
9116,5151,310,4,6474,6,800.0
84062,71010,3971,45,131046,4,2028.7500552621254
6364,8218,289,3,9545,7,800.0
65293,33293,2940,46,69175,9,1776.5754787621165
470997,456816,11360,243,414890,9,11249.37319160615
8799,5654,184,4,11611,0,800.0
60887,46204,3524,67,61318,10,1168.018913877759
88430,82916,2624,43,137908,4,2025.6253091016335
3383,2946,82,1,4727,3,800.0
